product_id,product_name,sub_category,avg_discount_pct,margin_pct,total_revenue,total_units,discount_risk_label
FUR-TA-10003963,"Bevis Conference Table, Fully Assembled",Tables,85,-346.76,555,4,"High Risk"
OFF-AP-10002203,"Eureka Disposable Bags for Sanitaire Vibra Groomer I Upright Vac",Appliances,80,-223.3,2,2,"High Risk"
FUR-TA-10003371,"Chromcraft Training Table, Adjustable Height",Tables,80,-230.88,38,1,"High Risk"
FUR-TA-10001935,"Hon Coffee Table, Fully Assembled",Tables,80,-385.87,190,3,"High Risk"
FUR-TA-10004050,"Lesro Coffee Table, Fully Assembled",Tables,80,-149.86,203,4,"High Risk"
FUR-TA-10003748,"Bevis Round Table, Adjustable Height",Tables,80,-250.21,312,3,"High Risk"
OFF-BI-10003166,"GBC Plasticlear Binding Covers",Binders,72.86,-100.62,68,23,"High Risk"
FUR-TA-10004544,"Chromcraft Coffee Table, Fully Assembled",Tables,72.5,-304.42,457,8,"High Risk"
OFF-BI-10000778,"GBC VeloBinder Electric Binding Machine",Binders,72.5,-82.76,497,15,"High Risk"
OFF-SME-10000258,"Smead Removable Labels, 5000 Label Set",Labels,70,-133,3,1,"High Risk"
OFF-SME-10000950,"Smead Color Coded Labels, 5000 Label Set",Labels,70,-178.2,4,1,"High Risk"
OFF-ENE-10004866,"Enermax Parchment Paper, 8.5 x 11",Paper,70,-136.85,6,1,"High Risk"
OFF-ACC-10004278,"Accos Paper Clips, Bulk Pack",Fasteners,70,-117.3,12,3,"High Risk"
TEC-BEL-10002153,"Belkin Flash Drive, Bluetooth",Accessories,70,-106.52,13,1,"High Risk"
OFF-ELI-10000541,"Elite Trimmer, High Speed",Supplies,70,-208.45,13,1,"High Risk"
OFF-JIF-10003115,"Jiffy Interoffice Envelope, Recycled",Envelopes,70,-138.99,14,1,"High Risk"
OFF-GRE-10003899,"Green Bar Cards & Envelopes, Recycled",Paper,70,-203.57,14,1,"High Risk"
TEC-PAN-10001593,"Panasonic Calculator, Durable",Machines,70,-188.2,15,1,"High Risk"
OFF-EAT-10000854,"Eaton Parchment Paper, Recycled",Paper,70,-137.4,16,4,"High Risk"
OFF-ADV-10000425,"Advantus Clamps, Metal",Fasteners,70,-77.95,18,3,"High Risk"
TEC-MA-10001411,"Epson Calculator, Wireless",Machines,70,-123.77,19,2,"High Risk"
OFF-BI-10003009,"Ibico 3-Hole Punch, Clear",Binders,70,-166.3,24,4,"High Risk"
OFF-XER-10002848,"Xerox Message Books, Multicolor",Paper,70,-194.4,26,4,"High Risk"
TEC-MA-10003422,"Panasonic Calculator, Red",Machines,70,-122.08,28,3,"High Risk"
TEC-MA-10004086,"Plantronics Single Ear Headset",Machines,70,-73.15,30,5,"High Risk"
FUR-DEF-10001477,"Deflect-O Door Stop, Erganomic",Furnishings,70,-170.38,39,3,"High Risk"
FUR-BUS-10001876,"Bush 3-Shelf Cabinet, Pine",Bookcases,70,-208.73,43,1,"High Risk"
TEC-MA-10002525,"StarTech Phone, Durable",Machines,70,-222.35,45,3,"High Risk"
FUR-NOV-10002939,"Novimex Swivel Stool, Black",Chairs,70,-221.55,49,1,"High Risk"
TEC-APP-10000530,"Apple Audio Dock, VoIP",Phones,70,-126.91,50,1,"High Risk"
OFF-BRE-10004872,"Breville Blender, Black",Appliances,70,-219.26,54,2,"High Risk"
TEC-MA-10000755,"Panasonic Phone, Durable",Machines,70,-96.64,68,4,"High Risk"
OFF-XER-10000566,"Xerox Note Cards, 8.5 x 11",Paper,70,-230.76,73,8,"High Risk"
FUR-IKE-10002147,"Ikea 3-Shelf Cabinet, Traditional",Bookcases,70,-83.83,85,2,"High Risk"
TEC-MA-10000711,"StarTech Receipt Printer, Durable",Machines,70,-172.49,89,4,"High Risk"
FUR-TA-10003855,"Lesro Round Table, with Bottom Storage",Tables,70,-137.29,90,1,"High Risk"
FUR-BO-10001567,"Bush Westfield Collection Bookcases, Dark Cherry Finish, Fully Assembled",Bookcases,70,-209.73,91,3,"High Risk"
TEC-MA-10002694,"Hewlett-Packard Deskjet F4180 All-in-One Color Ink-jet - Printer / copier / scanner",Machines,70,-70,102,2,"High Risk"
FUR-TA-10000855,"Chromcraft Training Table, Rectangular",Tables,70,-205.93,113,2,"High Risk"
FUR-TA-10004584,"Hon Training Table, Rectangular",Tables,70,-70.07,132,2,"High Risk"
TEC-MA-10004820,"Okidata Card Printer, Wireless",Machines,70,-73.17,141,4,"High Risk"
TEC-MA-10001832,"Okidata Card Printer, Durable",Machines,70,-126.5,141,4,"High Risk"
FUR-TA-10004504,"Lesro Computer Table, with Bottom Storage",Tables,70,-190.25,172,2,"High Risk"
FUR-TA-10002582,"Barricks Coffee Table, Rectangular",Tables,70,-220.57,179,3,"High Risk"
TEC-MA-10003337,"Okidata B401 Printer",Machines,70,-139.99,180,3,"High Risk"
TEC-MA-10000154,"Panasonic Receipt Printer, Red",Machines,70,-199.92,189,8,"High Risk"
FUR-TA-10004353,"Chromcraft Wood Table, with Bottom Storage",Tables,70,-173.34,193,2,"High Risk"
TEC-MA-10004521,"Epson Perfection V600 Photo Scanner",Machines,70,-83.33,207,3,"High Risk"
TEC-MA-10003779,"Konica Printer, Durable",Machines,70,-66.78,214,4,"High Risk"
FUR-TA-10001276,"Lesro Training Table, Fully Assembled",Tables,70,-113.46,216,4,"High Risk"
"TEC-HP -10004971","HP Wireless Fax, Color",Copiers,70,-230,217,2,"High Risk"
TEC-MA-10003589,"Cisco 8961 IP Phone Charcoal",Machines,70,-73.31,225,3,"High Risk"
TEC-MA-10003998,"Epson Card Printer, Wireless",Machines,70,-229.97,238,7,"High Risk"
FUR-TA-10003273,"Lesro Training Table, Rectangular",Tables,70,-223.1,240,3,"High Risk"
FUR-TA-10000115,"Barricks Coffee Table, Fully Assembled",Tables,70,-183.14,273,3,"High Risk"
FUR-HON-10004932,"Hon Conference Table, with Bottom Storage",Tables,70,-110.19,276,1,"High Risk"
FUR-BAR-10003465,"Barricks Computer Table, Adjustable Height",Tables,70,-192.84,286,2,"High Risk"
TEC-CAN-10000030,"Canon Fax Machine, Laser",Copiers,70,-199.7,287,3,"High Risk"
TEC-STA-10002459,"StarTech Printer, Durable",Machines,70,-206.38,308,4,"High Risk"
FUR-TA-10000403,"Barricks Wood Table, Adjustable Height",Tables,70,-206.99,311,2,"High Risk"
OFF-KIT-10003757,"KitchenAid Refrigerator, Red",Appliances,70,-206.53,317,2,"High Risk"
FUR-TA-10003782,"Lesro Training Table, Rectangular",Tables,70,-99.91,320,6,"High Risk"
TEC-MA-10000904,"Brother MFC-9340CDW LED All-In-One Printer, Copier Scanner",Machines,70,-93.33,342,3,"High Risk"
FUR-BAR-10002710,"Barricks Coffee Table, Adjustable Height",Tables,70,-150.2,364,4,"High Risk"
TEC-SHA-10003353,"Sharp Copy Machine, High-Speed",Copiers,70,-86.66,431,6,"High Risk"
TEC-MA-10000772,"StarTech Printer, Red",Machines,70,-223.33,456,9,"High Risk"
FUR-TA-10001090,"Chromcraft Round Table, Rectangular",Tables,70,-179.88,465,5,"High Risk"
FUR-TA-10003926,"Lesro Conference Table, Adjustable Height",Tables,70,-149.97,516,3,"High Risk"
OFF-HAM-10003040,"Hamilton Beach Stove, White",Appliances,70,-136.59,649,4,"High Risk"
FUR-TA-10000519,"Bevis Computer Table, Fully Assembled",Tables,70,-190.11,692,7,"High Risk"
TEC-MA-10001695,"Zebra GK420t Direct Thermal/Thermal Transfer Printer",Machines,70,-133.28,704,6,"High Risk"
TEC-MA-10001681,"Lexmark MarkNet N8150 Wireless Print Server",Machines,70,-70.05,723,6,"High Risk"
FUR-TA-10004972,"Chromcraft Wood Table, Rectangular",Tables,70,-106.69,768,8,"High Risk"
FUR-TA-10004371,"Lesro Round Table, Adjustable Height",Tables,70,-163.31,954,7,"High Risk"
FUR-TA-10003522,"Chromcraft Conference Table, with Bottom Storage",Tables,70,-169.88,1048,6,"High Risk"
FUR-TA-10002885,"Lesro Computer Table, Fully Assembled",Tables,70,-233.21,1200,14,"High Risk"
FUR-TA-10004249,"Lesro Wood Table, Fully Assembled",Tables,70,-116.69,1219,13,"High Risk"
OFF-ENE-10003549,"Enermax Cards & Envelopes, Recycled",Paper,66.67,-176.65,66,4,"High Risk"
OFF-NOV-10000986,"Novimex File Folder Labels, Adjustable",Labels,65,-107.62,12,5,"High Risk"
OFF-SME-10001800,"Smead Shipping Labels, Laser Printer Compatible",Labels,65,-163.57,12,3,"High Risk"
OFF-HOO-10003246,"Hoover Blender, Black",Appliances,65,-133.59,68,2,"High Risk"
FUR-FU-10004421,"Tenex Clock, Durable",Furnishings,65,-47.35,90,5,"High Risk"
OFF-ACM-10003278,"Acme Trimmer, Easy Grip",Supplies,65,-112.47,102,6,"High Risk"
OFF-BRE-10000448,"Breville Coffee Grinder, Silver",Appliances,65,-80.26,125,6,"High Risk"
OFF-KIT-10000624,"KitchenAid Blender, Black",Appliances,65,-96.9,138,4,"High Risk"
TEC-STA-10004834,"StarTech Receipt Printer, Red",Machines,65,-71.35,204,5,"High Risk"
FUR-BAR-10001039,"Barricks Coffee Table, Fully Assembled",Tables,65,-142.93,212,2,"High Risk"
TEC-CO-10004138,"Sharp Wireless Fax, Digital",Copiers,65,-174.21,249,2,"High Risk"
TEC-PAN-10003382,"Panasonic Card Printer, Durable",Machines,65,-118.42,382,6,"High Risk"
OFF-BI-10002429,"Premier Elliptical Ring Binder, Black",Binders,64.44,-38.24,527,46,"High Risk"
OFF-JIF-10004777,"Jiffy Clasp Envelope, Recycled",Envelopes,63.33,-42.88,13,5,"High Risk"
OFF-AVE-10004732,"Avery Round Labels, 5000 Label Set",Labels,63.33,-166.76,14,5,"High Risk"
OFF-ENE-10000012,"Enermax Computer Printout Paper, Recycled",Paper,63.33,-148.53,65,6,"High Risk"
FUR-ADV-10004159,"Advantus Frame, Durable",Furnishings,63.33,-147.02,195,5,"High Risk"
TEC-CIS-10002814,"Cisco Headset, Cordless",Phones,63.33,-136.27,246,7,"High Risk"
OFF-BI-10001982,"Wilson Jones Custom Binder Spines & Labels",Binders,62.86,-46.89,42,22,"High Risk"
OFF-BI-10001098,"Acco D-Ring Binder w/DublLock",Binders,62.22,-43.95,234,31,"High Risk"
OFF-BI-10004465,"Avery Durable Slant Ring Binders",Binders,62,-45.69,52,19,"High Risk"
OFF-BI-10000201,"Avery Triangle Shaped Sheet Lifters, Black, 2/Pack",Binders,61.67,-19.68,25,25,"High Risk"
OFF-BI-10002609,"Avery Hidden Tab Dividers for Binding Systems",Binders,61.43,-21.98,32,24,"High Risk"
TEC-CO-10002467,"Sharp Personal Copier, Laser",Copiers,60.2,-40.5,64,2,"High Risk"
TEC-CO-10001271,"Sharp Personal Copier, Color",Copiers,60.2,-104.24,64,2,"High Risk"
TEC-CO-10003568,"HP Copy Machine, Color",Copiers,60.2,-101.08,130,2,"High Risk"
TEC-CO-10004191,"HP Ink, Laser",Copiers,60.2,-105.73,137,4,"High Risk"
TEC-CO-10004649,"Brother Copy Machine, High-Speed",Copiers,60.2,-103.66,139,2,"High Risk"
TEC-CO-10002567,"Hewlett Fax and Copier, Laser",Copiers,60.2,-105.71,154,3,"High Risk"
TEC-CO-10004928,"Brother Copy Machine, Color",Copiers,60.2,-45.83,207,3,"High Risk"
TEC-CO-10004409,"Hewlett Fax and Copier, High-Speed",Copiers,60.2,-45.86,253,5,"High Risk"
TEC-CO-10001968,"Canon Personal Copier, Color",Copiers,60.2,-53.04,269,7,"High Risk"
TEC-CO-10000961,"Canon Copy Machine, Color",Copiers,60.2,-43.2,280,4,"High Risk"
TEC-CO-10004985,"Hewlett Copy Machine, Color",Copiers,60.2,-113.81,351,5,"High Risk"
TEC-CO-10004406,"Sharp Fax Machine, Digital",Copiers,60.2,-146.21,627,8,"High Risk"
OFF-EN-10003604,"Jiffy Clasp Envelope, Set of 50",Envelopes,60,-57.4,2,1,"High Risk"
OFF-BI-10003253,"Ibico Index Tab, Economy",Binders,60,-118.13,3,1,"High Risk"
OFF-BI-10001284,"Ibico Hole Reinforcements, Clear",Binders,60,-52,3,2,"High Risk"
OFF-ADV-10003196,"Advantus Staples, Assorted Sizes",Fasteners,60,-50.2,3,1,"High Risk"
OFF-LA-10004700,"Avery Color Coded Labels, Alphabetical",Labels,60,-140.13,3,1,"High Risk"
OFF-BI-10000390,"Cardinal Index Tab, Clear",Binders,60,-36.4,4,2,"High Risk"
OFF-LA-10001287,"Harbour Creations Removable Labels, Adjustable",Labels,60,-72,4,2,"High Risk"
OFF-BI-10002510,"Acco Index Tab, Clear",Binders,60,-48.8,4,2,"High Risk"
OFF-BI-10004251,"Wilson Jones Index Tab, Recycled",Binders,60,-33.84,5,3,"High Risk"
OFF-LA-10001228,"Hon File Folder Labels, Alphabetical",Labels,60,-85.76,5,2,"High Risk"
OFF-BI-10000397,"Wilson Jones Hole Reinforcements, Durable",Binders,60,-75.12,5,3,"High Risk"
OFF-FA-10002831,"OIC Staples, Assorted Sizes",Fasteners,60,-38.24,5,2,"High Risk"
OFF-EN-10004479,"Ames Clasp Envelope, Security-Tint",Envelopes,60,-54.4,5,2,"High Risk"
OFF-AME-10002697,"Ames Business Envelopes, Recycled",Envelopes,60,-59.28,5,1,"High Risk"
OFF-FA-10002708,"Stockwell Staples, 12 Pack",Fasteners,60,-95.68,5,2,"High Risk"
OFF-BI-10001546,"Acco Index Tab, Clear",Binders,60,-75.68,5,2,"High Risk"
OFF-LA-10002688,"Hon File Folder Labels, Adjustable",Labels,60,-65.76,5,3,"High Risk"
OFF-FA-10004813,"Advantus Clamps, Metal",Fasteners,60,-134.88,5,1,"High Risk"
OFF-OIC-10004622,"OIC Thumb Tacks, Bulk Pack",Fasteners,60,-54.2,6,1,"High Risk"
OFF-ST-10003331,"Smead Box, Single Width",Storage,60,-89.33,6,2,"High Risk"
OFF-EN-10003272,"Jiffy Clasp Envelope, Recycled",Envelopes,60,-129.4,6,3,"High Risk"
OFF-LA-10001256,"Novimex Round Labels, Alphabetical",Labels,60,-65.07,6,4,"High Risk"
OFF-LA-10004543,"Novimex Shipping Labels, Adjustable",Labels,60,-150.51,7,3,"High Risk"
OFF-AR-10004559,"Stanley Pencil Sharpener, Easy-Erase",Art,60,-59.66,7,1,"High Risk"
FUR-ADV-10002329,"Advantus Light Bulb, Erganomic",Furnishings,60,-136.2,7,1,"High Risk"
OFF-PA-10001448,"Xerox Note Cards, Recycled",Paper,60,-90.17,7,1,"High Risk"
OFF-PA-10002258,"Green Bar Message Books, 8.5 x 11",Paper,60,-55.89,7,1,"High Risk"
OFF-BI-10000631,"Wilson Jones 3-Hole Punch, Economy",Binders,60,-159.94,7,1,"High Risk"
OFF-PA-10000601,"Eaton Parchment Paper, Premium",Paper,60,-72.23,7,2,"High Risk"
OFF-LA-10000927,"Hon Shipping Labels, Adjustable",Labels,60,-116.91,7,3,"High Risk"
OFF-AR-10002811,"Stanley Pens, Water Color",Art,60,-146.63,7,2,"High Risk"
OFF-FA-10004775,"Accos Staples, 12 Pack",Fasteners,60,-36.45,8,3,"High Risk"
OFF-LA-10003898,"Hon Removable Labels, 5000 Label Set",Labels,60,-118.65,8,3,"High Risk"
TEC-AC-10003400,"Memorex Flash Drive, USB",Accessories,60,-27.3,8,1,"High Risk"
OFF-FA-10004112,"Stockwell Staples, 12 Pack",Fasteners,60,-54.6,8,3,"High Risk"
OFF-LA-10001202,"Avery Legal Exhibit Labels, 5000 Label Set",Labels,60,-52.4,9,3,"High Risk"
OFF-ENE-10002038,"Enermax Message Books, Premium",Paper,60,-140,9,1,"High Risk"
OFF-FA-10002992,"Advantus Clamps, Assorted Sizes",Fasteners,60,-129.24,9,2,"High Risk"
OFF-KLE-10001381,"Kleencut Scissors, Easy Grip",Supplies,60,-90.96,10,1,"High Risk"
OFF-AR-10001571,"Stanley Pens, Blue",Art,60,-97.45,11,4,"High Risk"
OFF-FA-10003850,"Stockwell Push Pins, 12 Pack",Fasteners,60,-144.11,11,3,"High Risk"
FUR-FU-10000944,"Advantus Light Bulb, Black",Furnishings,60,-77.96,11,2,"High Risk"
OFF-BI-10000494,"Acco Economy Flexible Poly Round Ring Binder",Binders,60,-52.2,11,6,"High Risk"
OFF-BI-10003718,"Avery Index Tab, Clear",Binders,60,-57.02,11,7,"High Risk"
TEC-AC-10002607,"Enermax Mouse, USB",Accessories,60,-93.27,11,1,"High Risk"
OFF-SU-10002325,"Stiletto Trimmer, High Speed",Supplies,60,-44.18,11,1,"High Risk"
OFF-BI-10004442,"Wilson Jones Binder, Durable",Binders,60,-128.7,12,3,"High Risk"
OFF-SU-10001412,"Fiskars Scissors, High Speed",Supplies,60,-121.07,12,2,"High Risk"
OFF-PA-10003389,"Enermax Message Books, Recycled",Paper,60,-37.4,12,2,"High Risk"
OFF-LA-10003821,"Smead Shipping Labels, Alphabetical",Labels,60,-53.73,12,4,"High Risk"
OFF-AR-10000156,"Binney & Smith Markers, Blue",Art,60,-27.32,13,2,"High Risk"
OFF-FA-10001111,"Advantus Rubber Bands, 12 Pack",Fasteners,60,-113.72,13,2,"High Risk"
OFF-FA-10001832,"Accos Rubber Bands, Metal",Fasteners,60,-80.31,13,3,"High Risk"
OFF-AR-10002419,"Sanford Markers, Fluorescent",Art,60,-103.14,13,2,"High Risk"
OFF-FA-10003542,"Stockwell Staples, Bulk Pack",Fasteners,60,-89.43,14,5,"High Risk"
OFF-FA-10004377,"Stockwell Thumb Tacks, Metal",Fasteners,60,-118.97,14,4,"High Risk"
OFF-BI-10001819,"Cardinal Binder, Clear",Binders,60,-116.46,14,4,"High Risk"
OFF-GLO-10000813,"GlobeWeis Mailers, Recycled",Envelopes,60,-119.6,15,1,"High Risk"
OFF-PA-10000354,"Xerox Computer Printout Paper, Multicolor",Paper,60,-123.47,15,2,"High Risk"
FUR-CH-10001701,"Hon Chairmat, Set of Two",Chairs,60,-38.61,15,1,"High Risk"
OFF-PA-10001409,"Green Bar Memo Slips, Multicolor",Paper,60,-78.48,15,3,"High Risk"
FUR-FU-10003725,"Advantus Light Bulb, Erganomic",Furnishings,60,-149.52,15,3,"High Risk"
OFF-AR-10004652,"Sanford Highlighters, Water Color",Art,60,-129.04,15,3,"High Risk"
FUR-FU-10000640,"Tenex Light Bulb, Duo Pack",Furnishings,60,-55.92,15,3,"High Risk"
OFF-EN-10004956,"Kraft Manila Envelope, with clear poly window",Envelopes,60,-30.15,16,2,"High Risk"
TEC-SAN-10004999,"SanDisk Flash Drive, Programmable",Accessories,60,-48.9,16,1,"High Risk"
OFF-FA-10000134,"Stockwell Push Pins, Assorted Sizes",Fasteners,60,-115.88,16,5,"High Risk"
OFF-HAM-10001387,"Hamilton Beach Coffee Grinder, Black",Appliances,60,-143.61,17,1,"High Risk"
OFF-EN-10001768,"Kraft Clasp Envelope, with clear poly window",Envelopes,60,-125.76,17,5,"High Risk"
OFF-BI-10003417,"Ibico Hole Reinforcements, Economy",Binders,60,-148.02,17,9,"High Risk"
OFF-FA-10003749,"Advantus Rubber Bands, 12 Pack",Fasteners,60,-148.42,17,4,"High Risk"
OFF-BI-10002607,"Ibico Binder Covers, Clear",Binders,60,-82.47,17,5,"High Risk"
OFF-FA-10003399,"Accos Paper Clips, Metal",Fasteners,60,-102.44,18,5,"High Risk"
OFF-SU-10000706,"Fiskars Ruler, Steel",Supplies,60,-97.56,18,5,"High Risk"
OFF-SU-10004932,"Stiletto Ruler, Easy Grip",Supplies,60,-127.11,18,4,"High Risk"
OFF-LA-10000495,"Hon Round Labels, Laser Printer Compatible",Labels,60,-44.67,18,10,"High Risk"
OFF-BI-10004141,"Insertable Tab Indexes For Data Binders",Binders,60,-26.85,18,13,"High Risk"
TEC-AC-10004812,"SanDisk Mouse, Erganomic",Accessories,60,-81.14,19,2,"High Risk"
OFF-BI-10002859,"Acco Binder, Clear",Binders,60,-61.68,19,5,"High Risk"
OFF-EN-10003416,"Jiffy Peel and Seal, with clear poly window",Envelopes,60,-101.68,19,3,"High Risk"
OFF-AP-10000653,"Hamilton Beach Blender, Black",Appliances,60,-96.46,19,1,"High Risk"
OFF-SU-10004317,"Kleencut Box Cutter, Easy Grip",Supplies,60,-84.08,19,2,"High Risk"
OFF-LA-10004166,"Avery Legal Exhibit Labels, 5000 Label Set",Labels,60,-42.06,19,4,"High Risk"
TEC-EPS-10001473,"Epson Calculator, Durable",Machines,60,-80.94,19,1,"High Risk"
OFF-PA-10003052,"Green Bar Message Books, Recycled",Paper,60,-32.53,19,3,"High Risk"
FUR-FU-10001667,"Rubbermaid Stacking Tray, Black",Furnishings,60,-131.1,20,3,"High Risk"
OFF-AR-10001696,"Binney & Smith Pens, Water Color",Art,60,-53.2,20,5,"High Risk"
OFF-CAM-10000192,"Cameo Interoffice Envelope, with clear poly window",Envelopes,60,-140.31,20,1,"High Risk"
TEC-AC-10000766,"SanDisk Mouse, Bluetooth",Accessories,60,-81.84,20,2,"High Risk"
OFF-FA-10004108,"Accos Rubber Bands, 12 Pack",Fasteners,60,-84.86,21,5,"High Risk"
OFF-LA-10001067,"Smead Legal Exhibit Labels, Laser Printer Compatible",Labels,60,-148,21,7,"High Risk"
TEC-AC-10004715,"Memorex Mouse, Erganomic",Accessories,60,-59.6,21,3,"High Risk"
OFF-SU-10001554,"Acme Trimmer, Serrated",Supplies,60,-142.65,22,2,"High Risk"
TEC-AC-10000598,"Belkin Flash Drive, USB",Accessories,60,-84.36,22,2,"High Risk"
FUR-FU-10002834,"Deflect-O Light Bulb, Erganomic",Furnishings,60,-112.7,23,5,"High Risk"
OFF-STO-10004971,"Stockwell Paper Clips, Assorted Sizes",Fasteners,60,-123.78,23,5,"High Risk"
TEC-AC-10002842,"Memorex Mouse, Bluetooth",Accessories,60,-130.02,23,3,"High Risk"
OFF-EN-10003544,"Ames Peel and Seal, Recycled",Envelopes,60,-86.43,23,5,"High Risk"
OFF-AR-10002153,"Sanford Pens, Fluorescent",Art,60,-115.77,23,7,"High Risk"
OFF-BI-10001279,"Wilson Jones 3-Hole Punch, Durable",Binders,60,-41.95,24,3,"High Risk"
OFF-PA-10002193,"Xerox Memo Slips, 8.5 x 11",Paper,60,-83.5,24,5,"High Risk"
OFF-AP-10003236,"Hoover Blender, Black",Appliances,60,-68.66,25,1,"High Risk"
OFF-FA-10001670,"Stockwell Thumb Tacks, Metal",Fasteners,60,-71.08,26,7,"High Risk"
FUR-FU-10000546,"Eldon Door Stop, Erganomic",Furnishings,60,-57.63,26,2,"High Risk"
OFF-AR-10000401,"Binney & Smith Highlighters, Water Color",Art,60,-127.08,26,5,"High Risk"
OFF-EN-10001647,"GlobeWeis Interoffice Envelope, Security-Tint",Envelopes,60,-72.06,27,2,"High Risk"
OFF-BI-10004146,"Acco Binding Machine, Recycled",Binders,60,-53.48,27,2,"High Risk"
OFF-SU-10002412,"Stiletto Letter Opener, Steel",Supplies,60,-42.25,27,4,"High Risk"
TEC-SAN-10000142,"SanDisk Mouse, Erganomic",Accessories,60,-103.37,28,2,"High Risk"
OFF-AP-10003758,"Hamilton Beach Blender, White",Appliances,60,-59.46,29,1,"High Risk"
OFF-AR-10004362,"Sanford Canvas, Water Color",Art,60,-108.69,29,2,"High Risk"
OFF-ST-10001335,"Tenex Trays, Blue",Storage,60,-127.2,29,2,"High Risk"
FUR-FU-10003717,"Deflect-O Light Bulb, Black",Furnishings,60,-25.52,30,6,"High Risk"
OFF-EN-10004564,"Jiffy Mailers, Set of 50",Envelopes,60,-89.28,30,3,"High Risk"
OFF-FA-10000196,"OIC Paper Clips, Bulk Pack",Fasteners,60,-116.95,31,8,"High Risk"
OFF-EN-10003920,"Jiffy Business Envelopes, Set of 50",Envelopes,60,-103.35,31,4,"High Risk"
OFF-SU-10002230,"Fiskars Trimmer, Serrated",Supplies,60,-72.97,31,3,"High Risk"
OFF-EN-10003731,"GlobeWeis Mailers, Set of 50",Envelopes,60,-84.58,31,3,"High Risk"
OFF-ST-10004326,"Rogers Box, Single Width",Storage,60,-42.5,32,5,"High Risk"
OFF-EN-10004030,"Kraft Mailers, Security-Tint",Envelopes,60,-32.62,32,3,"High Risk"
OFF-SU-10004799,"Elite Ruler, Steel",Supplies,60,-94.5,32,9,"High Risk"
OFF-STO-10000041,"Stockwell Staples, 12 Pack",Fasteners,60,-74.62,33,8,"High Risk"
OFF-EN-10004173,"Jiffy Manila Envelope, Set of 50",Envelopes,60,-47.2,35,5,"High Risk"
OFF-SU-10000047,"Kleencut Box Cutter, Steel",Supplies,60,-63.11,36,4,"High Risk"
FUR-CH-10004992,"Hon Bag Chairs, Red",Chairs,60,-140.5,36,3,"High Risk"
FUR-ADV-10002632,"Advantus Door Stop, Duo Pack",Furnishings,60,-135.3,36,2,"High Risk"
TEC-AC-10000342,"Logitech Numeric Keypad, Programmable",Accessories,60,-35.27,38,3,"High Risk"
OFF-SU-10003801,"Elite Box Cutter, Easy Grip",Supplies,60,-99.94,39,4,"High Risk"
OFF-PA-10000644,"Green Bar Cards & Envelopes, Recycled",Paper,60,-101.69,39,3,"High Risk"
TEC-AC-10002025,"Memorex Flash Drive, Bluetooth",Accessories,60,-98.21,39,5,"High Risk"
OFF-BI-10001089,"Acco Binding Machine, Clear",Binders,60,-101.1,40,3,"High Risk"
OFF-PA-10003556,"Eaton Computer Printout Paper, 8.5 x 11",Paper,60,-142.39,41,5,"High Risk"
OFF-PA-10000420,"Green Bar Cards & Envelopes, 8.5 x 11",Paper,60,-62.66,42,3,"High Risk"
FUR-FU-10002784,"Advantus Photo Frame, Duo Pack",Furnishings,60,-30.4,42,3,"High Risk"
OFF-PA-10001085,"Eaton Computer Printout Paper, Premium",Paper,60,-114,42,6,"High Risk"
OFF-PA-10001115,"SanDisk Parchment Paper, Multicolor",Paper,60,-30.73,43,9,"High Risk"
OFF-ENE-10001117,"Enermax Message Books, 8.5 x 11",Paper,60,-91.76,43,4,"High Risk"
OFF-AR-10001338,"Boston Canvas, Easy-Erase",Art,60,-30.17,43,3,"High Risk"
OFF-ACM-10004150,"Acme Ruler, Serrated",Supplies,60,-79.93,43,8,"High Risk"
OFF-EN-10002959,"GlobeWeis Mailers, with clear poly window",Envelopes,60,-56.15,44,4,"High Risk"
TEC-STA-10003065,"StarTech Receipt Printer, Durable",Machines,60,-103.16,44,1,"High Risk"
TEC-AC-10004094,"SanDisk Keyboard, Programmable",Accessories,60,-65.42,44,2,"High Risk"
TEC-PH-10001329,"Motorola Headset, Cordless",Phones,60,-132.71,44,2,"High Risk"
OFF-BI-10003064,"Cardinal 3-Hole Punch, Clear",Binders,60,-60.32,45,6,"High Risk"
OFF-PA-10003002,"Enermax Message Books, Multicolor",Paper,60,-86.86,45,7,"High Risk"
FUR-CH-10003180,"Novimex Steel Folding Chair, Adjustable",Chairs,60,-148.12,45,2,"High Risk"
FUR-CH-10004642,"Hon Steel Folding Chair, Set of Two",Chairs,60,-84.3,45,2,"High Risk"
OFF-PA-10002671,"Enermax Memo Slips, 8.5 x 11",Paper,60,-30,48,9,"High Risk"
OFF-PA-10002231,"Green Bar Computer Printout Paper, Premium",Paper,60,-146.55,48,6,"High Risk"
OFF-PA-10004296,"Enermax Note Cards, Premium",Paper,60,-84.8,48,6,"High Risk"
OFF-PA-10003395,"Eaton Computer Printout Paper, Recycled",Paper,60,-65.77,49,7,"High Risk"
FUR-CH-10002693,"Harbour Creations Swivel Stool, Set of Two",Chairs,60,-116.63,49,1,"High Risk"
OFF-AR-10004049,"Stanley Sketch Pad, Fluorescent",Art,60,-52.38,49,4,"High Risk"
OFF-ST-10001513,"Fellowes Folders, Blue",Storage,60,-85.71,49,7,"High Risk"
FUR-CH-10003155,"Harbour Creations Bag Chairs, Red",Chairs,60,-83.07,49,3,"High Risk"
OFF-ST-10002119,"Rogers Shelving, Industrial",Storage,60,-105.26,50,2,"High Risk"
OFF-EN-10001669,"Ames Interoffice Envelope, with clear poly window",Envelopes,60,-67.42,52,4,"High Risk"
OFF-PA-10003939,"Enermax Note Cards, Multicolor",Paper,60,-90.42,52,6,"High Risk"
FUR-CH-10000136,"Harbour Creations Steel Folding Chair, Set of Two",Chairs,60,-32.82,53,2,"High Risk"
OFF-AR-10000925,"Stanley Canvas, Easy-Erase",Art,60,-82.69,53,4,"High Risk"
OFF-EN-10003685,"Jiffy Mailers, with clear poly window",Envelopes,60,-93,54,5,"High Risk"
OFF-AR-10000067,"Boston Pencil Sharpener, Water Color",Art,60,-52.28,55,7,"High Risk"
OFF-SU-10001185,"Acme Letter Opener, Steel",Supplies,60,-53,55,7,"High Risk"
OFF-EN-10004788,"Ames Mailers, Recycled",Envelopes,60,-27.93,55,6,"High Risk"
OFF-ST-10004160,"Tenex Trays, Wire Frame",Storage,60,-137.21,57,4,"High Risk"
TEC-AC-10001831,"Memorex Keyboard, Bluetooth",Accessories,60,-92.72,57,3,"High Risk"
OFF-SU-10003973,"Elite Trimmer, Easy Grip",Supplies,60,-87.21,58,5,"High Risk"
FUR-CH-10003696,"Novimex Bag Chairs, Black",Chairs,60,-40.1,58,5,"High Risk"
FUR-CH-10002817,"Harbour Creations Chairmat, Set of Two",Chairs,60,-75.56,59,3,"High Risk"
OFF-EN-10002926,"Cameo Mailers, Set of 50",Envelopes,60,-92.7,61,6,"High Risk"
TEC-AC-10001106,"Belkin Numeric Keypad, Erganomic",Accessories,60,-117.97,63,4,"High Risk"
OFF-ST-10002459,"Eldon Trays, Wire Frame",Storage,60,-99.65,63,5,"High Risk"
OFF-EN-10002046,"Kraft Manila Envelope, Set of 50",Envelopes,60,-126.23,63,9,"High Risk"
OFF-ST-10003489,"Smead Shelving, Wire Frame",Storage,60,-137.5,64,5,"High Risk"
FUR-BO-10004238,"Ikea Corner Shelving, Pine",Bookcases,60,-30.19,66,2,"High Risk"
OFF-BI-10004581,"Cardinal Binding Machine, Economy",Binders,60,-120.67,66,5,"High Risk"
OFF-AP-10003442,"Hamilton Beach Coffee Grinder, Black",Appliances,60,-37.76,67,4,"High Risk"
OFF-AR-10003688,"Sanford Canvas, Blue",Art,60,-145.88,67,5,"High Risk"
FUR-CH-10002924,"Novimex Steel Folding Chair, Set of Two",Chairs,60,-89.52,68,3,"High Risk"
OFF-EN-10000872,"Ames Business Envelopes, Set of 50",Envelopes,60,-122.54,68,14,"High Risk"
OFF-EN-10003887,"Cameo Interoffice Envelope, with clear poly window",Envelopes,60,-127.56,68,5,"High Risk"
OFF-BI-10000051,"Ibico Binding Machine, Economy",Binders,60,-54.7,69,5,"High Risk"
FUR-IKE-10003251,"Ikea Floating Shelf Set, Mobile",Bookcases,60,-137.79,69,1,"High Risk"
OFF-ST-10004793,"Tenex File Cart, Industrial",Storage,60,-139.14,72,2,"High Risk"
OFF-EN-10003737,"Jiffy Mailers, Security-Tint",Envelopes,60,-104.89,74,7,"High Risk"
OFF-ST-10000711,"Fellowes Box, Single Width",Storage,60,-129.48,74,14,"High Risk"
OFF-EN-10004956,"Jiffy Interoffice Envelope, Set of 50",Envelopes,60,-145.75,74,6,"High Risk"
OFF-AR-10001029,"Stanley Sketch Pad, Water Color",Art,60,-30.19,76,6,"High Risk"
TEC-BRO-10001852,"Brother Fax and Copier, Digital",Copiers,60,-115.72,76,1,"High Risk"
OFF-ST-10003331,"Rogers File Cart, Single Width",Storage,60,-94.45,76,2,"High Risk"
FUR-CH-10000182,"Office Star Bag Chairs, Adjustable",Chairs,60,-47.74,77,5,"High Risk"
TEC-PH-10000237,"Motorola Office Telephone, with Caller ID",Phones,60,-114.41,77,4,"High Risk"
FUR-BO-10001699,"Ikea 3-Shelf Cabinet, Mobile",Bookcases,60,-80.37,77,2,"High Risk"
TEC-AC-10002048,"Enermax Flash Drive, Bluetooth",Accessories,60,-143.53,77,7,"High Risk"
OFF-JIF-10000556,"Jiffy Interoffice Envelope, Security-Tint",Envelopes,60,-115.35,78,4,"High Risk"
FUR-TEN-10002418,"Tenex Clock, Duo Pack",Furnishings,60,-55.38,80,4,"High Risk"
OFF-EN-10002096,"GlobeWeis Mailers, Recycled",Envelopes,60,-69.8,80,8,"High Risk"
OFF-SU-10001595,"Kleencut Shears, Serrated",Supplies,60,-52.61,81,7,"High Risk"
OFF-SU-10000817,"Acme Box Cutter, Serrated",Supplies,60,-69.83,83,9,"High Risk"
OFF-AR-10004215,"Binney & Smith Canvas, Fluorescent",Art,60,-60.2,84,6,"High Risk"
FUR-CH-10002226,"Hon Steel Folding Chair, Black",Chairs,60,-90.36,84,4,"High Risk"
OFF-BI-10001927,"Ibico Binding Machine, Durable",Binders,60,-147.02,85,6,"High Risk"
TEC-PH-10001846,"Nokia Audio Dock, Cordless",Phones,60,-42.75,90,2,"High Risk"
TEC-AC-10001951,"Enermax Memory Card, Erganomic",Accessories,60,-54.87,90,3,"High Risk"
TEC-AC-10002938,"Enermax Memory Card, USB",Accessories,60,-74.74,92,3,"High Risk"
OFF-SU-10000113,"Acme Shears, Easy Grip",Supplies,60,-85.28,96,7,"High Risk"
FUR-FU-10003919,"Eldon Executive Woodline II Cherry Finish Desk Accessories",Furnishings,60,-80.11,98,6,"High Risk"
FUR-LES-10003538,"Lesro Coffee Table, Fully Assembled",Tables,60,-148.08,101,1,"High Risk"
FUR-FU-10000483,"Tenex Clock, Durable",Furnishings,60,-59.98,101,8,"High Risk"
OFF-ST-10004947,"Tenex Trays, Industrial",Storage,60,-52.68,102,7,"High Risk"
OFF-EN-10004443,"Ames Mailers, Security-Tint",Envelopes,60,-60,102,10,"High Risk"
OFF-AP-10000844,"Breville Toaster, Black",Appliances,60,-146.84,102,5,"High Risk"
OFF-ST-10001073,"Eldon File Cart, Single Width",Storage,60,-149.56,103,3,"High Risk"
TEC-BRO-10002579,"Brother Copy Machine, Laser",Copiers,60,-147.19,105,1,"High Risk"
OFF-ST-10004017,"Eldon Lockers, Single Width",Storage,60,-144.45,106,2,"High Risk"
OFF-ST-10003811,"Smead Lockers, Single Width",Storage,60,-34.98,106,2,"High Risk"
FUR-CH-10001347,"SAFCO Steel Folding Chair, Black",Chairs,60,-147.62,111,5,"High Risk"
FUR-CH-10000604,"Office Star Rocking Chair, Set of Two",Chairs,60,-92.15,115,3,"High Risk"
OFF-SU-10003545,"Fiskars Box Cutter, Serrated",Supplies,60,-42.79,120,14,"High Risk"
FUR-FU-10001764,"Deflect-O Clock, Black",Furnishings,60,-112.34,121,9,"High Risk"
FUR-CH-10001191,"Office Star Steel Folding Chair, Red",Chairs,60,-122.8,122,5,"High Risk"
FUR-BO-10002574,"Bush Corner Shelving, Traditional",Bookcases,60,-90.23,132,4,"High Risk"
FUR-NOV-10004003,"Novimex Steel Folding Chair, Red",Chairs,60,-42.42,132,4,"High Risk"
OFF-EN-10001476,"Ames Interoffice Envelope, Set of 50",Envelopes,60,-67.73,132,11,"High Risk"
FUR-SAU-10002167,"Sauder 3-Shelf Cabinet, Metal",Bookcases,60,-62.47,133,2,"High Risk"
FUR-BO-10004935,"Ikea Stackable Bookrack, Mobile",Bookcases,60,-70.26,133,4,"High Risk"
FUR-CH-10003874,"Hon Chairmat, Red",Chairs,60,-95.22,133,9,"High Risk"
OFF-BI-10002594,"Wilson Jones Binding Machine, Durable",Binders,60,-128.09,134,10,"High Risk"
FUR-BO-10004032,"Bush Corner Shelving, Pine",Bookcases,60,-59.87,134,4,"High Risk"
TEC-PH-10004503,"Apple Audio Dock, VoIP",Phones,60,-139.59,134,3,"High Risk"
TEC-AC-10000271,"Enermax Router, Erganomic",Accessories,60,-139.61,137,2,"High Risk"
FUR-CH-10000089,"Hon Rocking Chair, Black",Chairs,60,-29.94,137,4,"High Risk"
TEC-PH-10000373,"Motorola Speaker Phone, with Caller ID",Phones,60,-37.66,138,4,"High Risk"
TEC-MA-10002165,"Konica Card Printer, Red",Machines,60,-29.97,138,3,"High Risk"
TEC-MA-10002864,"Panasonic Card Printer, Durable",Machines,60,-62.58,139,3,"High Risk"
TEC-PH-10001413,"Motorola Audio Dock, with Caller ID",Phones,60,-77.37,139,3,"High Risk"
OFF-ELI-10003911,"Elite Shears, Serrated",Supplies,60,-129.98,140,8,"High Risk"
TEC-MA-10002989,"Panasonic Printer, White",Machines,60,-65.13,141,2,"High Risk"
TEC-PH-10001602,"Samsung Office Telephone, Full Size",Phones,60,-72.47,142,8,"High Risk"
TEC-MA-10003390,"Okidata Printer, Durable",Machines,60,-60.12,143,2,"High Risk"
FUR-TA-10003539,"Bevis Wood Table, Fully Assembled",Tables,60,-112.26,143,1,"High Risk"
FUR-CH-10001536,"Harbour Creations Swivel Stool, Red",Chairs,60,-77.56,144,3,"High Risk"
OFF-ST-10000917,"Fellowes File Cart, Wire Frame",Storage,60,-137.96,145,4,"High Risk"
TEC-AC-10002224,"Belkin Numeric Keypad, USB",Accessories,60,-112.73,148,10,"High Risk"
TEC-CAN-10001256,"Canon Wireless Fax, High-Speed",Copiers,60,-84.86,151,1,"High Risk"
TEC-PH-10004577,"Samsung Office Telephone, with Caller ID",Phones,60,-57.37,157,9,"High Risk"
FUR-BO-10003668,"Sauder Floating Shelf Set, Pine",Bookcases,60,-124.8,157,2,"High Risk"
FUR-BO-10000184,"Sauder Floating Shelf Set, Mobile",Bookcases,60,-92.32,158,3,"High Risk"
TEC-PH-10001137,"Samsung Speaker Phone, with Caller ID",Phones,60,-72.67,164,5,"High Risk"
TEC-MA-10002263,"Panasonic Inkjet, White",Machines,60,-122.22,166,2,"High Risk"
FUR-BO-10001524,"Bush Stackable Bookrack, Pine",Bookcases,60,-70.25,166,5,"High Risk"
TEC-PH-10001475,"Cisco Office Telephone, VoIP",Phones,60,-47.81,171,8,"High Risk"
OFF-AP-10000390,"Euro Pro Shark Stick Mini Vacuum",Appliances,60,-190.43,171,11,"High Risk"
FUR-TA-10003079,"Hon Training Table, Rectangular",Tables,60,-27.53,176,2,"High Risk"
FUR-CHR-10000888,"Chromcraft Computer Table, Fully Assembled",Tables,60,-69.99,178,1,"High Risk"
FUR-BO-10003174,"Dania Floating Shelf Set, Pine",Bookcases,60,-102.55,182,4,"High Risk"
TEC-PH-10003982,"Cisco Speaker Phone, VoIP",Phones,60,-94.89,185,5,"High Risk"
TEC-PH-10002867,"Apple Signal Booster, Cordless",Phones,60,-135,186,5,"High Risk"
TEC-MA-10001731,"Okidata Card Printer, White",Machines,60,-57.5,186,4,"High Risk"
FUR-BO-10002592,"Safco Stackable Bookrack, Traditional",Bookcases,60,-92.46,198,5,"High Risk"
TEC-AC-10002545,"Logitech Router, Bluetooth",Accessories,60,-49.98,198,3,"High Risk"
FUR-FU-10002170,"Deflect-O Frame, Duo Pack",Furnishings,60,-122.26,206,7,"High Risk"
TEC-MOT-10002855,"Motorola Speaker Phone, with Caller ID",Phones,60,-94.88,208,4,"High Risk"
FUR-CH-10004151,"Harbour Creations Steel Folding Chair, Red",Chairs,60,-137.4,209,8,"High Risk"
FUR-TA-10003449,"Chromcraft Coffee Table, Rectangular",Tables,60,-24.97,212,3,"High Risk"
TEC-MA-10003361,"Konica Printer, Red",Machines,60,-62.51,212,3,"High Risk"
FUR-BO-10002042,"Bush Classic Bookcase, Metal",Bookcases,60,-99.92,220,2,"High Risk"
FUR-BO-10003880,"Dania Corner Shelving, Pine",Bookcases,60,-97.72,230,7,"High Risk"
OFF-AP-10000285,"Breville Microwave, Silver",Appliances,60,-75,242,3,"High Risk"
FUR-CH-10000920,"Novimex Executive Leather Armchair, Adjustable",Chairs,60,-94.99,243,2,"High Risk"
TEC-LOG-10001123,"Logitech Memory Card, Bluetooth",Accessories,60,-115.08,248,6,"High Risk"
OFF-AP-10001920,"KitchenAid Microwave, Silver",Appliances,60,-29.99,249,3,"High Risk"
FUR-BO-10000517,"Ikea Stackable Bookrack, Metal",Bookcases,60,-137.71,260,8,"High Risk"
FUR-TA-10001693,"Bevis Training Table, with Bottom Storage",Tables,60,-127.51,268,2,"High Risk"
TEC-PH-10000785,"Apple Speaker Phone, Cordless",Phones,60,-140.07,269,8,"High Risk"
OFF-ST-10004428,"Tenex Lockers, Industrial",Storage,60,-42.48,273,5,"High Risk"
TEC-AC-10002153,"Logitech Memory Card, Bluetooth",Accessories,60,-82.43,276,10,"High Risk"
OFF-AP-10004226,"Hamilton Beach Stove, Red",Appliances,60,-120.11,289,2,"High Risk"
OFF-AP-10004821,"Hamilton Beach Stove, Black",Appliances,60,-132.48,289,2,"High Risk"
FUR-BO-10004103,"Dania Library with Doors, Pine",Bookcases,60,-25.01,291,3,"High Risk"
FUR-BO-10000214,"Ikea Library with Doors, Pine",Bookcases,60,-134.91,292,3,"High Risk"
FUR-BO-10000623,"Safco Library with Doors, Metal",Bookcases,60,-120.15,311,2,"High Risk"
FUR-BO-10001276,"Safco Floating Shelf Set, Mobile",Bookcases,60,-30.08,318,6,"High Risk"
OFF-AP-10001955,"Hoover Microwave, White",Appliances,60,-147.61,327,4,"High Risk"
FUR-BO-10001271,"Sauder Classic Bookcase, Pine",Bookcases,60,-32.5,350,3,"High Risk"
FUR-BO-10003530,"Safco Classic Bookcase, Metal",Bookcases,60,-110.04,350,3,"High Risk"
FUR-CH-10002481,"Hon Executive Leather Armchair, Adjustable",Chairs,60,-77.44,368,3,"High Risk"
FUR-CH-10002438,"SAFCO Executive Leather Armchair, Red",Chairs,60,-145.07,369,3,"High Risk"
FUR-TA-10000304,"Barricks Training Table, with Bottom Storage",Tables,60,-47.5,382,3,"High Risk"
FUR-CH-10004801,"Office Star Bag Chairs, Set of Two",Chairs,60,-107.88,399,26,"High Risk"
FUR-TA-10002487,"Bevis Training Table, with Bottom Storage",Tables,60,-35.01,402,3,"High Risk"
FUR-BO-10001318,"Safco Library with Doors, Mobile",Bookcases,60,-45.06,418,4,"High Risk"
FUR-CH-10004062,"Office Star Rocking Chair, Adjustable",Chairs,60,-100.15,420,11,"High Risk"
OFF-AP-10001408,"KitchenAid Refrigerator, White",Appliances,60,-149.95,421,3,"High Risk"
OFF-AP-10001975,"Cuisinart Microwave, Black",Appliances,60,-104.92,445,6,"High Risk"
FUR-TA-10003568,"Chromcraft Conference Table, Rectangular",Tables,60,-117.53,464,2,"High Risk"
FUR-BO-10000791,"Dania Library with Doors, Traditional",Bookcases,60,-120.06,483,5,"High Risk"
FUR-TA-10003594,"Hon Conference Table, with Bottom Storage",Tables,60,-102.6,491,2,"High Risk"
FUR-TA-10001100,"Barricks Computer Table, Fully Assembled",Tables,60,-35.02,511,4,"High Risk"
FUR-TA-10000075,"Bevis Coffee Table, Fully Assembled",Tables,60,-37.55,511,4,"High Risk"
FUR-BO-10004371,"Dania Classic Bookcase, Pine",Bookcases,60,-57.56,549,5,"High Risk"
TEC-MA-10003990,"Panasonic Card Printer, White",Machines,60,-145.03,643,14,"High Risk"
FUR-TA-10000927,"Bevis Conference Table, Fully Assembled",Tables,60,-55.02,740,3,"High Risk"
TEC-PH-10000332,"Samsung Smart Phone, VoIP",Phones,60,-117.54,848,5,"High Risk"
TEC-PH-10001146,"Nokia Smart Phone, Full Size",Phones,60,-92.48,850,5,"High Risk"
TEC-BRO-10004184,"Brother Wireless Fax, Color",Copiers,60,-97.47,913,6,"High Risk"
FUR-CH-10003353,"Hon Executive Leather Armchair, Black",Chairs,60,-67.46,976,8,"High Risk"
FUR-BEV-10002193,"Bevis Round Table, Adjustable Height",Tables,60,-142.5,1249,6,"High Risk"
TEC-PH-10000808,"Samsung Smart Phone, Cordless",Phones,60,-132.52,1363,8,"High Risk"
OFF-AP-10003308,"KitchenAid Stove, Black",Appliances,60,-67.5,1367,9,"High Risk"
FUR-CH-10002275,"Novimex Executive Leather Armchair, Adjustable",Chairs,60,-115.04,1473,8,"High Risk"
FUR-TA-10003887,"Hon Conference Table, Adjustable Height",Tables,60,-95,1478,6,"High Risk"
OFF-AP-10000934,"Hamilton Beach Stove, Black",Appliances,60,-57.52,1950,9,"High Risk"
FUR-TA-10002172,"Hon Conference Table, Rectangular",Tables,59,-71.43,3667,12,"High Risk"
OFF-BI-10002813,"Avery Reinforcements for Hole-Punch Pages",Binders,57.5,-57.63,28,41,"High Risk"
OFF-BI-10000773,"Insertable Tab Post Binder Dividers",Binders,57.5,-60.15,66,25,"High Risk"
FUR-TA-10003291,"Bevis Computer Table, Fully Assembled",Tables,57,-99.9,427,2,"High Risk"
FUR-TA-10004957,"Bevis Wood Table, Fully Assembled",Tables,57,-25.6,460,2,"High Risk"
FUR-TA-10004757,"Barricks Training Table, with Bottom Storage",Tables,57,-72.11,958,7,"High Risk"
OFF-BI-10001525,"Acco Pressboard Covers with Storage Hooks, 14 7/8" x 11", Executive Red",Binders,56.25,-21.39,65,37,"High Risk"
FUR-TA-10003055,"Lesro Round Table, Fully Assembled",Tables,56,-15.4,1002,5,"High Risk"
OFF-BI-10004099,"GBC VeloBinder Strips",Binders,55,-44.92,53,20,"High Risk"
OFF-BI-10001132,"Acco PRESSTEX Data Binder with Storage Hooks, Dark Blue, 9 1/2" X 11"",Binders,55,-0.26,63,23,"High Risk"
FUR-CH-10002152,"Hon Bag Chairs, Set of Two",Chairs,55,-101.17,166,8,"High Risk"
OFF-BI-10001575,"GBC Linen Binding Covers",Binders,55,-39.43,209,18,"High Risk"
FUR-CH-10001043,"Harbour Creations Bag Chairs, Red",Chairs,55,-22.15,259,9,"High Risk"
FUR-CH-10002543,"SAFCO Steel Folding Chair, Set of Two",Chairs,55,-24.74,563,14,"High Risk"
FUR-TA-10000360,"Chromcraft Wood Table, Fully Assembled",Tables,55,-44.46,871,4,"High Risk"
FUR-TA-10000147,"Lesro Coffee Table, Rectangular",Tables,55,-54.79,1148,8,"High Risk"
TEC-MA-10002210,"Epson TM-T88V Direct Thermal Printer - Monochrome - Desktop",Machines,55,-87.16,1213,10,"High Risk"
TEC-HEW-10004522,"Hewlett Copy Machine, Color",Copiers,55,-58.4,1326,12,"High Risk"
FUR-TA-10001113,"Barricks Training Table, Fully Assembled",Tables,55,-28.4,2286,17,"High Risk"
FUR-TA-10000207,"Chromcraft Round Table, Fully Assembled",Tables,55,-55.64,3327,13,"High Risk"
TEC-STA-10002650,"StarTech Card Printer, Wireless",Machines,54,-62.31,735,10,"High Risk"
OFF-BI-10004022,"Acco Suede Grain Vinyl Round Ring Binder",Binders,53.75,-12.23,40,29,"High Risk"
OFF-BI-10003196,"Accohide Poly Flexible Ring Binders",Binders,53.75,-46.1,43,34,"High Risk"
OFF-BI-10002982,"Avery Self-Adhesive Photo Pockets for Polaroid Photos",Binders,53.64,-1.53,142,41,"High Risk"
OFF-BI-10000848,"Angle-D Ring Binders",Binders,53.33,-5.05,39,14,"High Risk"
OFF-BI-10000216,"Mead 1st Gear 2" Zipper Binder, Asst. Colors",Binders,53.33,-7.07,55,9,"High Risk"
OFF-BI-10002827,"Avery Durable Poly Binders",Binders,53.33,-19.02,82,33,"High Risk"
FUR-TA-10003597,"Bevis Wood Table, with Bottom Storage",Tables,53.33,-95.07,1422,10,"High Risk"
TEC-MA-10001148,"Swingline SM12-08 MicroCut Jam Free Shredder",Machines,53.33,-18.98,2360,13,"High Risk"
TEC-MA-10000418,"Cubify CubeX 3D Printer Double Head Print",Machines,53.33,-80,11100,9,"High Risk"
OFF-FIS-10002784,"Fiskars Box Cutter, High Speed",Supplies,52.86,-27.69,180,10,"High Risk"
OFF-BI-10000474,"Avery Recycled Flexi-View Covers for Binding Systems",Binders,52.86,-35.31,197,32,"High Risk"
OFF-GRE-10000328,"Green Bar Parchment Paper, Premium",Paper,52.5,-133.73,83,12,"High Risk"
OFF-STI-10000114,"Stiletto Letter Opener, High Speed",Supplies,52.5,-65.91,195,14,"High Risk"
FUR-TA-10003354,"Barricks Conference Table, Adjustable Height",Tables,52.5,-55.86,3728,9,"High Risk"
OFF-ACC-10000218,"Acco Hole Reinforcements, Durable",Binders,52.22,13.38,104,21,Moderate
OFF-BI-10000545,"GBC Ibimaster 500 Manual ProClick Binding System",Binders,52.22,4,19026,48,Watch
OFF-ENE-10002093,"Enermax Message Books, Multicolor",Paper,52,-75.08,91,7,"High Risk"
OFF-GLO-10003650,"GlobeWeis Mailers, with clear poly window",Envelopes,52,-79.84,114,6,"High Risk"
FUR-TEN-10000296,"Tenex Door Stop, Durable",Furnishings,52,-106.8,327,19,"High Risk"
OFF-FIS-10004721,"Fiskars Box Cutter, Serrated",Supplies,52,-38.55,364,23,"High Risk"
OFF-AP-10002534,"3.6 Cubic Foot Counter Height Office Refrigerator",Appliances,52,-29.59,2947,18,"High Risk"
OFF-BI-10002133,"Wilson Jones Elliptical Ring 3 1/2" Capacity Binders, 800 sheets",Binders,51.25,-9.84,835,42,"High Risk"
OFF-BI-10004224,"Catalog Binders with Expanding Posts",Binders,51.25,-22.22,1090,36,"High Risk"
FUR-BO-10002202,"Atlantic Metals Mobile 2-Shelf Bookcases, Custom Colors",Bookcases,51,-28.32,400,3,"High Risk"
FUR-TA-10002833,"Lesro Training Table, Rectangular",Tables,50.33,-80.21,2152,16,"High Risk"
FUR-TA-10002972,"Barricks Computer Table, Fully Assembled",Tables,50.33,-54.1,3633,16,"High Risk"
OFF-LA-10000155,"Novimex Round Labels, Alphabetical",Labels,50,-14.5,9,3,"High Risk"
OFF-LA-10002900,"Harbour Creations File Folder Labels, Alphabetical",Labels,50,-70.33,9,2,"High Risk"
OFF-LA-10004964,"Smead Shipping Labels, Adjustable",Labels,50,-81.9,10,2,"High Risk"
OFF-BI-10003784,"Computer Printout Index Tabs",Binders,50,-18.33,11,15,"High Risk"
OFF-FA-10000740,"Accos Staples, Bulk Pack",Fasteners,50,-59.73,11,2,"High Risk"
OFF-FA-10002531,"Advantus Paper Clips, Bulk Pack",Fasteners,50,-70.5,14,2,"High Risk"
OFF-AP-10001634,"Hoover Commercial Lightweight Upright Vacuum",Appliances,50,-13.92,18,8,"High Risk"
TEC-AC-10004102,"SanDisk Mouse, USB",Accessories,50,-63,19,1,"High Risk"
OFF-LA-10000760,"Harbour Creations Removable Labels, Laser Printer Compatible",Labels,50,-10.5,20,4,"High Risk"
OFF-EN-10003885,"Ames Interoffice Envelope, Set of 50",Envelopes,50,-21.65,23,1,"High Risk"
OFF-PA-10001531,"Eaton Parchment Paper, 8.5 x 11",Paper,50,-8.13,26,3,"High Risk"
OFF-BI-10002049,"UniKeep View Case Binders",Binders,50,-18.89,29,13,"High Risk"
OFF-EN-10003533,"Cameo Peel and Seal, Recycled",Envelopes,50,-53.7,30,3,"High Risk"
OFF-LA-10003848,"Avery File Folder Labels, 5000 Label Set",Labels,50,-88.63,34,7,"High Risk"
OFF-SU-10003866,"Acme Ruler, Easy Grip",Supplies,50,-61.46,37,4,"High Risk"
TEC-AC-10002581,"SanDisk Flash Drive, Erganomic",Accessories,50,-97.05,37,2,"High Risk"
OFF-EN-10002081,"Jiffy Mailers, Set of 50",Envelopes,50,-92.51,37,2,"High Risk"
OFF-LA-10001383,"Smead Shipping Labels, Adjustable",Labels,50,-2.21,38,8,"High Risk"
OFF-BI-10002194,"Cardinal Hold-It CD Pocket",Binders,50,-32.76,38,12,"High Risk"
OFF-OIC-10004253,"OIC Rubber Bands, Bulk Pack",Fasteners,50,-28.56,39,5,"High Risk"
OFF-PA-10002918,"Eaton Computer Printout Paper, Recycled",Paper,50,-13.95,40,3,"High Risk"
OFF-FA-10002506,"OIC Rubber Bands, 12 Pack",Fasteners,50,-4.02,41,5,"High Risk"
OFF-AP-10001587,"Hamilton Beach Coffee Grinder, Silver",Appliances,50,-58.67,43,2,"High Risk"
OFF-FA-10004494,"Stockwell Push Pins, Metal",Fasteners,50,-97.16,44,6,"High Risk"
OFF-AP-10003318,"Breville Blender, Black",Appliances,50,-91.7,45,1,"High Risk"
OFF-EN-10004604,"Ames Peel and Seal, Set of 50",Envelopes,50,-8.14,47,5,"High Risk"
OFF-BI-10004376,"Ibico Index Tab, Economy",Binders,50,-12.86,50,10,"High Risk"
OFF-BI-10004094,"GBC Standard Plastic Binding Systems Combs",Binders,50,-5.12,57,13,"High Risk"
OFF-BI-10000285,"XtraLife ClearVue Slant-D Ring Binders by Cardinal",Binders,50,-18.26,73,22,"High Risk"
OFF-HON-10001204,"Hon Color Coded Labels, Alphabetical",Labels,50,-103.17,79,13,"High Risk"
TEC-MA-10003630,"Epson Calculator, White",Machines,50,-83.73,90,4,"High Risk"
TEC-MA-10003493,"Penpower WorldCard Pro Card Scanner",Machines,50,-2.01,91,1,"High Risk"
OFF-BI-10000756,"Storex DuraTech Recycled Plastic Frosted Binders",Binders,50,12.18,94,39,Moderate
OFF-AP-10000818,"Hoover Blender, Black",Appliances,50,-63.77,97,2,"High Risk"
OFF-PA-10000522,"Xerox Computer Printout Paper, Recycled",Paper,50,-33.85,106,8,"High Risk"
OFF-BI-10001116,"Wilson Jones 1" Hanging DublLock Ring Binders",Binders,50,-7.37,116,46,"High Risk"
OFF-EN-10004303,"Jiffy Mailers, Recycled",Envelopes,50,-60.08,126,7,"High Risk"
OFF-SU-10000925,"Acme Shears, Easy Grip",Supplies,50,-58.02,129,5,"High Risk"
TEC-MA-10004584,"Epson Calculator, Wireless",Machines,50,-0.06,139,6,"High Risk"
FUR-CH-10003808,"Harbour Creations Steel Folding Chair, Adjustable",Chairs,50,-31.95,151,3,"High Risk"
TEC-AC-10001002,"SanDisk Memory Card, USB",Accessories,50,-73.97,169,3,"High Risk"
OFF-BI-10000014,"Heavy-Duty E-Z-D Binders",Binders,50,5.17,175,29,Watch
TEC-AC-10003920,"Belkin Keyboard, Bluetooth",Accessories,50,-49.93,210,5,"High Risk"
OFF-BI-10004781,"GBC Wire Binding Strips",Binders,50,-8.64,213,14,"High Risk"
TEC-MA-10002424,"StarTech Phone, Durable",Machines,50,-83.97,224,6,"High Risk"
TEC-CO-10001629,"Sharp Copy Machine, Color",Copiers,50,-25.99,241,2,"High Risk"
OFF-AME-10001641,"Ames Interoffice Envelope, Recycled",Envelopes,50,13.09,250,9,Moderate
OFF-BI-10001107,"GBC White Gloss Covers, Plain Front",Binders,50,11.68,269,31,Moderate
FUR-TA-10002544,"Barricks Training Table, Fully Assembled",Tables,50,-23.99,320,2,"High Risk"
TEC-MA-10003315,"Panasonic Card Printer, Red",Machines,50,-30.02,342,4,"High Risk"
TEC-MA-10002729,"StarTech Receipt Printer, Red",Machines,50,-54.45,409,11,"High Risk"
FUR-TA-10004817,"Lesro Coffee Table, with Bottom Storage",Tables,50,-54,504,4,"High Risk"
FUR-TA-10004416,"Bevis Wood Table, Adjustable Height",Tables,50,-18,536,2,"High Risk"
TEC-OKI-10003868,"Okidata Printer, Wireless",Machines,50,-45.93,538,4,"High Risk"
OFF-BI-10002794,"Avery Trapezoid Ring Binder, 3" Capacity, Black, 1040 sheets",Binders,50,15.64,545,22,Moderate
TEC-KON-10003116,"Konica Receipt Printer, Red",Machines,50,-43.72,574,10,"High Risk"
FUR-TA-10004005,"Bevis Coffee Table, Rectangular",Tables,50,-17.99,632,4,"High Risk"
TEC-MA-10001856,"Okidata C610n Printer",Machines,50,-42,649,2,"High Risk"
FUR-BO-10001233,"Ikea 3-Shelf Cabinet, Mobile",Bookcases,50,-48.85,754,9,"High Risk"
TEC-MA-10001127,"Epson Inkjet, Wireless",Machines,50,-58,771,5,"High Risk"
TEC-CO-10002323,"Brother Copy Machine, Color",Copiers,50,-76.07,781,6,"High Risk"
FUR-TA-10002912,"Lesro Conference Table, Fully Assembled",Tables,50,-92.01,859,2,"High Risk"
TEC-AC-10002340,"Logitech Router, Bluetooth",Accessories,50,-119.92,891,8,"High Risk"
FUR-BO-10000321,"Dania Floating Shelf Set, Mobile",Bookcases,50,-21.17,894,10,"High Risk"
FUR-TA-10000591,"Chromcraft Training Table, with Bottom Storage",Tables,50,-40,994,7,"High Risk"
FUR-TA-10000861,"Barricks Conference Table, with Bottom Storage",Tables,50,-71.98,1361,3,"High Risk"
TEC-MA-10002178,"Cisco CP-7937G Unified IP Conference Station Phone",Machines,50,-4,1392,4,"High Risk"
OFF-AP-10001197,"KitchenAid Stove, Red",Appliances,50,-56.02,1425,5,"High Risk"
OFF-AP-10001329,"KitchenAid Stove, White",Appliances,50,-60,1705,6,"High Risk"
OFF-BI-10004584,"GBC ProClick 150 Presentation Binding System",Binders,50,-14.31,3223,22,"High Risk"
TEC-MA-10004125,"Cubify CubeX 3D Printer Triple Head Print",Machines,50,-48,8000,4,"High Risk"
TEC-MA-10002412,"Cisco TelePresence System EX90 Videoconferencing Unit",Machines,50,-8,22638,6,"High Risk"
OFF-BI-10000301,"GBC Instant Report Kit",Binders,49.23,1.95,166,50,Watch
OFF-BI-10003676,"GBC Standard Recycled Report Covers, Clear Plastic Sheets",Binders,49.17,-10.53,258,51,"High Risk"
OFF-BI-10003727,"Avery Durable Slant Ring Binders With Label Holder",Binders,48.89,13.69,91,36,Moderate
OFF-BI-10003984,"Lock-Up Easel 'Spel-Binder'",Binders,48.57,5.58,705,44,Watch
TEC-AC-10003034,"Belkin Keyboard, Erganomic",Accessories,48.5,-0.3,550,13,"High Risk"
OFF-BI-10001658,"GBC Standard Therm-A-Bind Covers",Binders,48.33,1.82,466,34,Watch
FUR-TA-10004289,"BoxOffice By Design Rectangular and Half-Moon Meeting Room Tables",Tables,48.33,-67.28,1707,15,"High Risk"
FUR-TA-10003790,"Bevis Computer Table, Fully Assembled",Tables,48.33,-38.09,3610,14,"High Risk"
OFF-BI-10001679,"GBC Instant Index System for Binding Systems",Binders,48,-17.27,72,19,"High Risk"
OFF-BI-10001267,"Universal Recycled Hanging Pressboard Report Binders, Letter Size",Binders,48,11.83,73,20,Moderate
OFF-HAR-10001948,"Harbour Creations File Folder Labels, Adjustable",Labels,47.5,-37.66,37,8,"High Risk"
OFF-FA-10002175,"OIC Push Pins, Assorted Sizes",Fasteners,47.5,0.64,67,10,Watch
OFF-BI-10000279,"Acco Recycled 2" Capacity Laser Printer Hanging Data Binders",Binders,47.5,10.2,85,10,Moderate
OFF-CUI-10004428,"Cuisinart Coffee Grinder, White",Appliances,47.5,-25.05,122,7,"High Risk"
TEC-MEM-10000649,"Memorex Numeric Keypad, Bluetooth",Accessories,47.5,1.55,287,10,Watch
FUR-SAF-10001322,"Safco Stackable Bookrack, Traditional",Bookcases,47.5,-86.76,534,8,"High Risk"
FUR-NOV-10002453,"Novimex Rocking Chair, Black",Chairs,47.5,-59.96,852,12,"High Risk"
FUR-TA-10000849,"Bevis Rectangular Conference Tables",Tables,47.5,-58.28,1007,13,"High Risk"
FUR-OFF-10004824,"Office Star Swivel Stool, Set of Two",Chairs,47.5,-6.8,1040,9,"High Risk"
TEC-SAN-10001506,"SanDisk Router, Programmable",Accessories,47.5,-95,1238,12,"High Risk"
FUR-SAU-10003694,"Sauder Library with Doors, Mobile",Bookcases,47.5,-80.35,1287,7,"High Risk"
FUR-TA-10004054,"Lesro Conference Table, with Bottom Storage",Tables,47.5,-65.46,2830,7,"High Risk"
OFF-SU-10000738,"Acme Shears, Steel",Supplies,47.25,-44.53,236,9,"High Risk"
TEC-AC-10000354,"Belkin Numeric Keypad, USB",Accessories,47.25,-92.28,578,20,"High Risk"
TEC-CIS-10003103,"Cisco Office Telephone, VoIP",Phones,47.14,-20.35,830,21,"High Risk"
OFF-LA-10002674,"Novimex Legal Exhibit Labels, Adjustable",Labels,47,-69.35,35,8,"High Risk"
OFF-EN-10000726,"Jiffy Clasp Envelope, Set of 50",Envelopes,47,-22.17,42,9,"High Risk"
OFF-FA-10001086,"Accos Rubber Bands, Assorted Sizes",Fasteners,47,-57.31,74,10,"High Risk"
OFF-SU-10004434,"Kleencut Box Cutter, Easy Grip",Supplies,47,-67.98,77,4,"High Risk"
TEC-AC-10001608,"Memorex Flash Drive, USB",Accessories,47,-13.44,78,5,"High Risk"
OFF-PA-10000976,"Green Bar Cards & Envelopes, Premium",Paper,47,-86.46,103,4,"High Risk"
OFF-SU-10004919,"Acme Letter Opener, High Speed",Supplies,47,-43.55,112,7,"High Risk"
FUR-TA-10003518,"Chromcraft Training Table, Fully Assembled",Tables,47,-43.48,302,2,"High Risk"
FUR-TA-10001327,"Barricks Training Table, Rectangular",Tables,47,5.65,335,2,Watch
FUR-TA-10002638,"Barricks Wood Table, Rectangular",Tables,47,-54.75,545,2,"High Risk"
FUR-TA-10000490,"Lesro Training Table, with Bottom Storage",Tables,47,-28.3,855,6,"High Risk"
FUR-TA-10003179,"Lesro Wood Table, Fully Assembled",Tables,47,-11.32,1243,5,"High Risk"
FUR-TA-10000687,"Bevis Conference Table, with Bottom Storage",Tables,47,-13.21,3427,7,"High Risk"
OFF-BI-10000831,"Storex Flexible Poly Binders with Double Pockets",Binders,46.67,-20.06,10,9,"High Risk"
OFF-NOV-10003964,"Novimex File Folder Labels, 5000 Label Set",Labels,46.67,-13.44,15,3,"High Risk"
OFF-AME-10002923,"Ames Clasp Envelope, Set of 50",Envelopes,46.67,16,18,4,Moderate
OFF-EAT-10003094,"Eaton Memo Slips, Premium",Paper,46.67,-24.03,22,3,"High Risk"
OFF-OIC-10002266,"OIC Staples, 12 Pack",Fasteners,46.67,-46.56,28,4,"High Risk"
OFF-BI-10004967,"Round Ring Binders",Binders,46.67,-3.16,29,28,"High Risk"
OFF-LA-10004749,"Avery Legal Exhibit Labels, Laser Printer Compatible",Labels,46.67,-55.87,63,10,"High Risk"
OFF-KLE-10003227,"Kleencut Ruler, Steel",Supplies,46.67,7.02,64,7,Watch
OFF-OIC-10001477,"OIC Push Pins, Bulk Pack",Fasteners,46.67,-3.17,68,6,"High Risk"
OFF-HON-10004825,"Hon File Folder Labels, Adjustable",Labels,46.67,8.48,75,15,Watch
OFF-BI-10004364,"Storex Dura Pro Binders",Binders,46.67,0.93,128,38,Watch
OFF-HOO-10002386,"Hoover Toaster, Silver",Appliances,46.67,-53.91,210,6,"High Risk"
FUR-BUS-10004121,"Bush 3-Shelf Cabinet, Mobile",Bookcases,46.67,-78.74,278,4,"High Risk"
TEC-MA-10002710,"Okidata Printer, Durable",Machines,46.67,-34.77,680,8,"High Risk"
FUR-HAR-10002178,"Harbour Creations Rocking Chair, Set of Two",Chairs,46.67,-114.43,971,17,"High Risk"
OFF-CUI-10001670,"Cuisinart Stove, White",Appliances,46.67,-74.76,1019,4,"High Risk"
TEC-CAN-10004556,"Canon Fax and Copier, Laser",Copiers,46.67,13.26,1052,9,Moderate
TEC-CAN-10000932,"Canon Fax Machine, Color",Copiers,46.67,-29.31,1855,10,"High Risk"
TEC-CAN-10004839,"Canon Wireless Fax, Color",Copiers,46.67,-22.61,2623,9,"High Risk"
OFF-BI-10003712,"Acco Pressboard Covers with Storage Hooks, 14 7/8" x 11", Light Blue",Binders,46.36,14.06,131,45,Moderate
OFF-BI-10002353,"GBC VeloBind Cover Sets",Binders,46.36,5.4,343,42,Watch
OFF-EN-10004977,"Jiffy Manila Envelope, Recycled",Envelopes,46.33,-85.44,265,20,"High Risk"
OFF-BI-10004140,"Avery Non-Stick Binders",Binders,46.15,-17.72,76,36,"High Risk"
OFF-FA-10003332,"Accos Push Pins, 12 Pack",Fasteners,46,-0.96,23,3,"High Risk"
OFF-LA-10004877,"Avery File Folder Labels, Laser Printer Compatible",Labels,46,-10.05,34,7,"High Risk"
TEC-AC-10003451,"Logitech Flash Drive, Erganomic",Accessories,46,-4.17,76,5,"High Risk"
OFF-BI-10003719,"Large Capacity Hanging Post Binders",Binders,46,-7.03,277,22,"High Risk"
TEC-AC-10002601,"SanDisk Router, Bluetooth",Accessories,46,-19.93,695,5,"High Risk"
OFF-BI-10002799,"SlimView Poly Binder, 3/8"",Binders,45.71,4.87,117,40,Watch
OFF-KLE-10001794,"Kleencut Box Cutter, High Speed",Supplies,45.71,-85.47,300,16,"High Risk"
FUR-TA-10002256,"Hon Wood Table, Fully Assembled",Tables,45.67,5.11,3335,9,Watch
OFF-BI-10003429,"Cardinal HOLDit! Binder Insert Strips,Extra Strips",Binders,45.56,3.24,135,41,Watch
FUR-FU-10004923,"Advantus Stacking Tray, Durable",Furnishings,45,-12.98,30,3,"High Risk"
OFF-BI-10004716,"Wilson Jones Hanging Recycled Pressboard Data Binders",Binders,45,5.4,33,4,Watch
TEC-MA-10000752,"Texas Instrument TI-15 Fraction Calculator",Machines,45,-48.85,42,8,"High Risk"
OFF-BI-10002393,"Binder Posts",Binders,45,13.94,56,16,Moderate
OFF-BI-10002571,"Avery Framed View Binder, EZD Ring (Locking), Navy, 1 1/2"",Binders,45,-0.7,100,19,"High Risk"
OFF-BI-10000343,"Pressboard Covers with Storage Hooks, 9 1/2" x 11", Light Blue",Binders,45,-11.54,103,44,"High Risk"
OFF-SAN-10000931,"SanDisk Message Books, 8.5 x 11",Paper,45,10.65,223,14,Moderate
FUR-FU-10002698,"Deflect-O Clock, Erganomic",Furnishings,45,1.33,280,16,Watch
OFF-AP-10004233,"Honeywell Enviracaire Portable Air Cleaner for up to 8 x 10 Room",Appliances,45,-59.27,299,9,"High Risk"
TEC-MA-10000597,"Lexmark S315 Color Inkjet Printer",Machines,45,11.67,300,5,Moderate
OFF-BI-10002931,"Avery Trapezoid Extra Heavy Duty 4" Binders",Binders,45,-0,315,15,"High Risk"
OFF-ST-10002774,"Rogers Lockers, Industrial",Storage,45,-80.01,350,3,"High Risk"
FUR-TA-10002482,"Bevis Wood Table, Fully Assembled",Tables,45,-54.6,392,2,"High Risk"
TEC-SAM-10003891,"Samsung Headset, with Caller ID",Phones,45,-49.23,513,11,"High Risk"
FUR-TA-10001371,"Chromcraft Coffee Table, Fully Assembled",Tables,45,-74.06,769,11,"High Risk"
FUR-TA-10001228,"Bevis Training Table, Rectangular",Tables,45,-65.43,915,5,"High Risk"
FUR-TA-10001602,"Barricks Round Table, Adjustable Height",Tables,45,-80.03,940,6,"High Risk"
FUR-TA-10002093,"Chromcraft Wood Table, Adjustable Height",Tables,45,-5.46,1067,6,"High Risk"
FUR-TA-10000637,"Bevis Conference Table, Rectangular",Tables,45,8.33,1843,5,Watch
FUR-TA-10002912,"Lesro Conference Table, Rectangular",Tables,45,-9.57,2622,7,"High Risk"
FUR-TA-10000136,"Chromcraft Conference Table, Adjustable Height",Tables,45,-3.48,2683,7,"High Risk"
TEC-MA-10001148,"Okidata MB491 Multifunction Printer",Machines,45,-15.26,2844,9,"High Risk"
OFF-BI-10004995,"GBC DocuBind P400 Electric Binding System",Binders,45,-10.45,17965,27,"High Risk"
OFF-BI-10002414,"GBC ProClick Spines for 32-Hole Punch",Binders,44,-19.82,67,12,"High Risk"
OFF-BI-10001757,"Pressboard Hanging Data Binders for Unburst Sheets",Binders,44,-8.89,114,48,"High Risk"
FUR-TA-10002797,"Chromcraft Round Table, Adjustable Height",Tables,44,-0.84,1117,4,"High Risk"
FUR-TA-10004342,"Chromcraft Round Table, with Bottom Storage",Tables,43.75,6.77,4135,15,Watch
FUR-TA-10002467,"Lesro Conference Table, Adjustable Height",Tables,43.75,10.42,6105,12,Moderate
OFF-BI-10003707,"Aluminum Screw Posts",Binders,43.64,11.64,354,41,Moderate
FUR-TA-10000299,"Lesro Round Table, Adjustable Height",Tables,43.5,-39.28,1735,7,"High Risk"
OFF-ACC-10003925,"Accos Staples, Bulk Pack",Fasteners,43.33,-100.11,35,8,"High Risk"
OFF-XER-10003104,"Xerox Memo Slips, Recycled",Paper,43.33,-26.2,36,4,"High Risk"
OFF-BI-10002954,"Newell 3-Hole Punched Plastic Slotted Magazine Holders for Binders",Binders,43.33,7.17,51,20,Watch
OFF-EAT-10001303,"Eaton Message Books, Premium",Paper,43.33,11.7,61,5,Moderate
OFF-OIC-10001921,"OIC Clamps, Assorted Sizes",Fasteners,43.33,-24.66,62,7,"High Risk"
OFF-STO-10003098,"Stockwell Thumb Tacks, Metal",Fasteners,43.33,-50.44,87,15,"High Risk"
OFF-KRA-10000695,"Kraft Mailers, Set of 50",Envelopes,43.33,-68.54,98,6,"High Risk"
OFF-KIT-10003938,"KitchenAid Toaster, Red",Appliances,43.33,6.43,145,3,Watch
OFF-ELI-10002337,"Elite Box Cutter, High Speed",Supplies,43.33,23.38,164,6,Moderate
TEC-OKI-10003770,"Okidata Receipt Printer, Durable",Machines,43.33,-69.46,209,3,"High Risk"
TEC-MOT-10004682,"Motorola Office Telephone, VoIP",Phones,43.33,-15.88,209,6,"High Risk"
FUR-FU-10001791,"Tenex Photo Frame, Durable",Furnishings,43.33,-19.52,284,16,"High Risk"
TEC-MOT-10001535,"Motorola Headset, VoIP",Phones,43.33,-53.56,288,7,"High Risk"
FUR-CH-10004536,"Novimex Bag Chairs, Set of Two",Chairs,43.33,-28.4,371,13,"High Risk"
FUR-CH-10000214,"Harbour Creations Bag Chairs, Black",Chairs,43.33,-21.37,444,10,"High Risk"
TEC-CAN-10001789,"Canon Copy Machine, Digital",Copiers,43.33,-56.95,446,3,"High Risk"
TEC-EPS-10002523,"Epson Card Printer, White",Machines,43.33,-28.8,573,6,"High Risk"
FUR-SAF-10004426,"Safco 3-Shelf Cabinet, Traditional",Bookcases,43.33,-27.42,659,7,"High Risk"
FUR-HAR-10002697,"Harbour Creations Executive Leather Armchair, Adjustable",Chairs,43.33,10,800,3,Moderate
TEC-HEW-10002501,"Hewlett Fax Machine, Laser",Copiers,43.33,-119.21,832,6,"High Risk"
FUR-FU-10001657,"Deflect-O Frame, Erganomic",Furnishings,43.33,-61.59,847,21,"High Risk"
OFF-BRE-10003443,"Breville Refrigerator, Silver",Appliances,43.33,-28.84,884,3,"High Risk"
TEC-HEW-10002435,"Hewlett Personal Copier, Digital",Copiers,43.33,-34.65,964,11,"High Risk"
OFF-BRE-10002255,"Breville Stove, White",Appliances,43.33,-62.47,1344,5,"High Risk"
FUR-HAR-10004593,"Harbour Creations Executive Leather Armchair, Black",Chairs,43.33,-59.74,1895,9,"High Risk"
OFF-HOO-10003653,"Hoover Stove, Silver",Appliances,43.33,-61.06,2163,9,"High Risk"
FUR-OFF-10002542,"Office Star Executive Leather Armchair, Adjustable",Chairs,43.33,-103.94,2256,11,"High Risk"
TEC-STA-10002497,"StarTech Card Printer, White",Machines,43.33,-32.37,2672,26,"High Risk"
FUR-IKE-10000649,"Ikea Library with Doors, Pine",Bookcases,43.33,-58.67,2773,18,"High Risk"
OFF-BI-10004209,"Fellowes Twister Kit, Gray/Clear, 3/pkg",Binders,43,-1.78,181,42,"High Risk"
OFF-BI-10004817,"GBC Personal VeloBind Strips",Binders,42.86,-7.08,159,27,"High Risk"
TEC-EPS-10001323,"Epson Calculator, Wireless",Machines,42.86,6.18,223,9,Watch
OFF-BI-10004632,"Ibico Hi-Tech Manual Binding System",Binders,42.73,-5.65,5398,34,"High Risk"
OFF-BI-10003094,"Self-Adhesive Ring Binder Labels",Binders,42.5,10.72,22,11,Moderate
OFF-BI-10001787,"Wilson Jones Four-Pocket Poly Binders",Binders,42.5,8.76,62,17,Watch
OFF-BI-10001308,"GBC Standard Plastic Binding Systems' Combs",Binders,42.5,4.57,110,30,Watch
OFF-BI-10001196,"Avery Flip-Chart Easel Binder, Black",Binders,42.5,15.76,240,17,Moderate
TEC-KON-10000005,"Konica Phone, Durable",Machines,42.5,-31.83,380,10,"High Risk"
FUR-FU-10000502,"Deflect-O Clock, Black",Furnishings,42.5,-115.8,452,20,"High Risk"
FUR-TA-10002568,"Chromcraft Coffee Table, Rectangular",Tables,42.5,-64.2,701,5,"High Risk"
FUR-TA-10004730,"Barricks Training Table, Adjustable Height",Tables,42.5,-45.07,1330,7,"High Risk"
FUR-TA-10003003,"Lesro Wood Table, Rectangular",Tables,42.5,-66.86,1697,7,"High Risk"
TEC-MA-10004679,"StarTech.com 10/100 VDSL2 Ethernet Extender Kit",Machines,42.5,-33.69,2332,13,"High Risk"
FUR-TA-10003747,"Lesro Round Table, Rectangular",Tables,42.5,-23.25,2495,9,"High Risk"
FUR-TA-10003899,"Barricks Round Table, with Bottom Storage",Tables,42.5,-66.29,2633,9,"High Risk"
FUR-TA-10002411,"Hon Round Table, with Bottom Storage",Tables,42.5,-63.34,2786,9,"High Risk"
OFF-BI-10003684,"Wilson Jones Legal Size Ring Binders",Binders,42.22,9.09,532,44,Watch
FUR-BO-10001972,"O'Sullivan 4-Shelf Bookcase in Odessa Pine",Bookcases,42.14,-35.59,2740,37,"High Risk"
OFF-BI-10001670,"Vinyl Sectional Post Binders",Binders,41.82,16.34,900,40,Moderate
FUR-TA-10001531,"Lesro Training Table, Adjustable Height",Tables,41.75,-55.22,2891,18,"High Risk"
OFF-BI-10002498,"Clear Mylar Reinforcing Strips",Binders,41.43,23.82,379,29,Moderate
OFF-BI-10004330,"GBC Velobind Prepunched Cover Sets, Regency Series",Binders,41.43,-1.4,662,33,"High Risk"
FUR-TA-10002527,"Barricks Round Table, Fully Assembled",Tables,41.33,-32.93,2826,9,"High Risk"
FUR-TA-10000989,"Lesro Conference Table, Rectangular",Tables,41.33,9.66,7525,15,Watch
OFF-BI-10003650,"GBC DocuBind 300 Electric Binding Machine",Binders,41.25,7.29,6786,23,Watch
OFF-BI-10002071,"Fellowes Black Plastic Comb Bindings",Binders,41.11,-4.42,100,34,"High Risk"
OFF-BI-10001097,"Avery Hole Reinforcements",Binders,41.11,12.67,117,32,Moderate
OFF-BI-10002103,"Cardinal Slant-D Ring Binder, Heavy Gauge Vinyl",Binders,41,2.99,180,37,Watch
OFF-AVE-10000543,"Avery Hole Reinforcements, Clear",Binders,40.91,-55.55,47,21,"High Risk"
FUR-BO-10002268,"Sauder Barrister Bookcases",Bookcases,40.67,-39.04,755,16,"High Risk"
TEC-CO-10003633,"Canon Ink, Laser",Copiers,40.2,-42.16,176,3,"High Risk"
OFF-BI-10003323,"Cardinal Hole Reinforcements, Clear",Binders,40,-10,3,1,"High Risk"
OFF-BOS-10001753,"Boston Highlighters, Water Color",Art,40,-59,4,1,"High Risk"
OFF-BI-10000960,"Wilson Jones Hole Reinforcements, Clear",Binders,40,-19.44,5,2,"High Risk"
OFF-LA-10004714,"Novimex File Folder Labels, Laser Printer Compatible",Labels,40,-64.8,5,1,"High Risk"
OFF-FA-10003816,"Stockwell Staples, Metal",Fasteners,40,-65.2,6,1,"High Risk"
OFF-LA-10004462,"Smead Shipping Labels, Adjustable",Labels,40,14.1,6,1,Moderate
OFF-BI-10001135,"Avery Hole Reinforcements, Durable",Binders,40,-39.26,7,2,"High Risk"
OFF-BI-10002975,"Wilson Jones Index Tab, Clear",Binders,40,-61.54,7,2,"High Risk"
OFF-LA-10003155,"Novimex Round Labels, Laser Printer Compatible",Labels,40,10.8,8,2,Moderate
OFF-FA-10003954,"Stockwell Rubber Bands, Assorted Sizes",Fasteners,40,17.47,8,1,Moderate
OFF-AR-10001645,"Boston Pens, Blue",Art,40,-63.2,9,1,"High Risk"
OFF-LA-10001417,"Hon File Folder Labels, Alphabetical",Labels,40,9.72,10,2,Watch
OFF-LA-10003929,"Novimex Legal Exhibit Labels, Adjustable",Labels,40,-48.96,10,2,"High Risk"
TEC-PH-10004875,"PNY Rapid USB Car Charger - Black",Phones,40,-20.77,10,2,"High Risk"
OFF-LA-10001538,"Hon File Folder Labels, 5000 Label Set",Labels,40,-5.13,11,2,"High Risk"
OFF-PA-10004627,"Eaton Computer Printout Paper, Multicolor",Paper,40,6.76,11,1,Watch
OFF-FA-10001039,"Stockwell Clamps, 12 Pack",Fasteners,40,16.47,11,1,Moderate
OFF-FA-10002444,"Stockwell Clamps, 12 Pack",Fasteners,40,-54.49,11,1,"High Risk"
OFF-ST-10003808,"Eldon Box, Wire Frame",Storage,40,-30.76,11,2,"High Risk"
OFF-LA-10002770,"Novimex Color Coded Labels, Adjustable",Labels,40,-44.8,12,2,"High Risk"
OFF-SU-10000697,"Kleencut Ruler, Serrated",Supplies,40,-22.4,12,2,"High Risk"
OFF-PA-10001639,"Enermax Memo Slips, 8.5 x 11",Paper,40,4.75,12,1,Watch
OFF-LA-10000220,"Hon Removable Labels, Laser Printer Compatible",Labels,40,-37.2,12,2,"High Risk"
OFF-FA-10000805,"Accos Staples, 12 Pack",Fasteners,40,-55.7,12,2,"High Risk"
OFF-AR-10001129,"Stanley Pens, Easy-Erase",Art,40,-8.8,12,2,"High Risk"
OFF-BI-10001815,"Acco Index Tab, Economy",Binders,40,-10.2,12,2,"High Risk"
OFF-LA-10000483,"Harbour Creations Shipping Labels, Alphabetical",Labels,40,10.97,14,2,Moderate
OFF-EN-10000096,"Jiffy Clasp Envelope, with clear poly window",Envelopes,40,-10.63,14,2,"High Risk"
OFF-BI-10004193,"Avery Index Tab, Clear",Binders,40,-37.03,14,4,"High Risk"
OFF-FA-10002900,"Stockwell Thumb Tacks, 12 Pack",Fasteners,40,-35.44,15,2,"High Risk"
OFF-EN-10002524,"Cameo Peel and Seal, with clear poly window",Envelopes,40,-18.04,15,1,"High Risk"
TEC-AC-10003704,"Memorex Flash Drive, Erganomic",Accessories,40,-22.28,16,1,"High Risk"
OFF-SU-10001968,"Kleencut Letter Opener, Easy Grip",Supplies,40,6.6,16,1,Watch
OFF-BI-10000707,"Wilson Jones 3-Hole Punch, Economy",Binders,40,-42.92,17,1,"High Risk"
OFF-FA-10000074,"Stockwell Push Pins, Bulk Pack",Fasteners,40,-18.92,17,2,"High Risk"
OFF-SU-10003537,"Stiletto Letter Opener, Easy Grip",Supplies,40,-40.13,17,1,"High Risk"
OFF-AR-10000283,"Stanley Highlighters, Blue",Art,40,-16.33,18,2,"High Risk"
OFF-PA-10003033,"Enermax Parchment Paper, Recycled",Paper,40,15,18,2,Moderate
OFF-AR-10003532,"BIC Pencil Sharpener, Easy-Erase",Art,40,-6.57,18,1,"High Risk"
OFF-EN-10001727,"Jiffy Business Envelopes, Recycled",Envelopes,40,-42.93,18,2,"High Risk"
OFF-AR-10003157,"Sanford Highlighters, Easy-Erase",Art,40,-60.82,19,2,"High Risk"
OFF-FA-10001419,"Stockwell Rubber Bands, 12 Pack",Fasteners,40,-13.52,19,2,"High Risk"
OFF-AR-10000125,"Boston Pens, Fluorescent",Art,40,-42.44,19,2,"High Risk"
OFF-EN-10004309,"GlobeWeis Business Envelopes, Recycled",Envelopes,40,-12.06,19,2,"High Risk"
OFF-FA-10003054,"Stockwell Rubber Bands, Metal",Fasteners,40,-20.1,20,2,"High Risk"
OFF-AVE-10002102,"Avery File Folder Labels, Adjustable",Labels,40,8.28,20,4,Watch
OFF-FA-10003015,"Accos Staples, Metal",Fasteners,40,-65.07,20,3,"High Risk"
OFF-PA-10003527,"Xerox Memo Slips, 8.5 x 11",Paper,40,-62.46,21,2,"High Risk"
OFF-BI-10001049,"Ibico Index Tab, Clear",Binders,40,-63.31,21,4,"High Risk"
OFF-EN-10003673,"GlobeWeis Business Envelopes, Set of 50",Envelopes,40,9.66,21,3,Watch
OFF-FA-10002025,"Stockwell Clamps, Bulk Pack",Fasteners,40,-52.02,23,2,"High Risk"
OFF-AR-10002517,"BIC Highlighters, Blue",Art,40,16.33,23,2,Moderate
OFF-ST-10001799,"Fellowes Box, Single Width",Storage,40,-52.7,24,2,"High Risk"
OFF-FA-10002637,"OIC Clamps, Bulk Pack",Fasteners,40,-24.9,24,2,"High Risk"
OFF-ST-10003393,"Smead Box, Wire Frame",Storage,40,-44.6,24,4,"High Risk"
OFF-EN-10002936,"GlobeWeis Business Envelopes, with clear poly window",Envelopes,40,-15.22,25,2,"High Risk"
OFF-PA-10001421,"Green Bar Memo Slips, 8.5 x 11",Paper,40,16.75,25,2,Moderate
OFF-LA-10001246,"Avery Removable Labels, Alphabetical",Labels,40,-32.68,26,4,"High Risk"
OFF-FA-10001631,"Advantus Staples, Bulk Pack",Fasteners,40,-10.06,26,4,"High Risk"
OFF-BI-10003090,"Avery Binder Covers, Clear",Binders,40,-37.57,26,4,"High Risk"
OFF-PA-10004673,"Xerox Message Books, Multicolor",Paper,40,-57.09,26,2,"High Risk"
OFF-LA-10001229,"Hon Removable Labels, Adjustable",Labels,40,-26.31,26,4,"High Risk"
OFF-LA-10001582,"Smead Round Labels, 5000 Label Set",Labels,40,-116.83,27,13,"High Risk"
OFF-FA-10000122,"Advantus Paper Clips, Assorted Sizes",Fasteners,40,-66.22,27,4,"High Risk"
OFF-SU-10004802,"Stiletto Shears, Serrated",Supplies,40,4.87,27,1,Watch
OFF-AR-10001107,"BIC Highlighters, Water Color",Art,40,-65.51,27,2,"High Risk"
OFF-EN-10002034,"Ames Peel and Seal, with clear poly window",Envelopes,40,-23.2,27,2,"High Risk"
FUR-FU-10002019,"Eldon Light Bulb, Durable",Furnishings,40,8.13,27,2,Watch
OFF-PA-10000206,"Green Bar Message Books, Recycled",Paper,40,-28.93,28,2,"High Risk"
OFF-PA-10000721,"Enermax Cards & Envelopes, Recycled",Paper,40,-23.55,28,1,"High Risk"
OFF-PA-10004918,"SanDisk Message Books, Recycled",Paper,40,-17.01,28,2,"High Risk"
OFF-EN-10002002,"Cameo Peel and Seal, Security-Tint",Envelopes,40,-35.14,28,2,"High Risk"
OFF-EN-10000094,"Jiffy Interoffice Envelope, Security-Tint",Envelopes,40,-20.3,29,1,"High Risk"
OFF-PA-10001351,"Enermax Message Books, Multicolor",Paper,40,14.73,29,2,Moderate
OFF-SU-10003191,"Stiletto Scissors, Easy Grip",Supplies,40,-57.28,30,2,"High Risk"
OFF-BI-10000172,"Ibico Index Tab, Clear",Binders,40,-60.36,30,6,"High Risk"
TEC-MA-10004975,"Konica Calculator, White",Machines,40,-30.12,30,1,"High Risk"
FUR-FU-10000507,"Tenex Photo Frame, Duo Pack",Furnishings,40,-6.77,31,1,"High Risk"
OFF-BI-10001456,"Avery Binder, Economy",Binders,40,1.55,31,4,Watch
OFF-ST-10000123,"Fellowes Folders, Wire Frame",Storage,40,-59.34,31,2,"High Risk"
OFF-LA-10002486,"Novimex File Folder Labels, 5000 Label Set",Labels,40,-50.63,31,6,"High Risk"
OFF-AR-10000205,"BIC Canvas, Easy-Erase",Art,40,-21.99,32,1,"High Risk"
OFF-LA-10002974,"Novimex Shipping Labels, Adjustable",Labels,40,-15.41,32,6,"High Risk"
OFF-FA-10004243,"OIC Staples, Assorted Sizes",Fasteners,40,-63.11,32,6,"High Risk"
OFF-LA-10003119,"Hon Color Coded Labels, 5000 Label Set",Labels,40,-13.5,32,4,"High Risk"
OFF-PA-10004881,"Xerox Computer Printout Paper, Recycled",Paper,40,-8.25,32,2,"High Risk"
OFF-EN-10001044,"Kraft Manila Envelope, Set of 50",Envelopes,40,-46.54,32,2,"High Risk"
OFF-PA-10000476,"Eaton Computer Printout Paper, Premium",Paper,40,11.44,32,2,Moderate
OFF-BI-10002628,"Avery 3-Hole Punch, Economy",Binders,40,-17.02,33,2,"High Risk"
OFF-PA-10001302,"Eaton Memo Slips, Recycled",Paper,40,16.36,33,4,Moderate
TEC-AC-10000540,"Logitech Mouse, Erganomic",Accessories,40,-64.04,33,2,"High Risk"
OFF-SU-10003780,"Elite Ruler, High Speed",Supplies,40,6.55,33,4,Watch
OFF-LA-10003376,"Hon Shipping Labels, Adjustable",Labels,40,-52.69,33,6,"High Risk"
FUR-CH-10002938,"Novimex Chairmat, Red",Chairs,40,-19.96,34,1,"High Risk"
OFF-EN-10004305,"Jiffy Manila Envelope, Security-Tint",Envelopes,40,-33.49,34,2,"High Risk"
OFF-HAR-10002914,"Harbour Creations Shipping Labels, Laser Printer Compatible",Labels,40,-28.59,34,6,"High Risk"
OFF-BI-10003181,"Ibico Binder Covers, Recycled",Binders,40,-59.58,34,4,"High Risk"
TEC-AC-10004683,"Memorex Flash Drive, USB",Accessories,40,-0.13,36,2,"High Risk"
OFF-PA-10000527,"Enermax Note Cards, Premium",Paper,40,-0.13,36,2,"High Risk"
OFF-PA-10001691,"Green Bar Note Cards, Premium",Paper,40,-48.03,36,2,"High Risk"
OFF-PA-10002585,"Eaton Memo Slips, Multicolor",Paper,40,-15.33,36,4,"High Risk"
OFF-LA-10000114,"Novimex Removable Labels, 5000 Label Set",Labels,40,-64.3,36,6,"High Risk"
FUR-CH-10000689,"SAFCO Chairmat, Red",Chairs,40,-1.72,36,1,"High Risk"
OFF-PA-10001259,"Green Bar Note Cards, 8.5 x 11",Paper,40,6.5,36,2,Watch
OFF-PA-10000824,"Enermax Computer Printout Paper, Multicolor",Paper,40,-26.57,36,2,"High Risk"
TEC-AC-10004696,"Logitech Mouse, Programmable",Accessories,40,-53.25,37,2,"High Risk"
OFF-AP-10000124,"Acco 6 Outlet Guardian Basic Surge Suppressor",Appliances,40,-9.63,38,7,"High Risk"
OFF-BI-10000636,"Ibico Hole Reinforcements, Recycled",Binders,40,-6.92,39,9,"High Risk"
OFF-BI-10004656,"Peel & Stick Add-On Corner Pockets",Binders,40,11.08,39,30,Moderate
TEC-PH-10001084,"Nokia Office Telephone, VoIP",Phones,40,-8.43,39,1,"High Risk"
OFF-LA-10004137,"Harbour Creations Legal Exhibit Labels, Laser Printer Compatible",Labels,40,-18.92,39,6,"High Risk"
OFF-FA-10003266,"Stockwell Clamps, Assorted Sizes",Fasteners,40,-21.91,39,4,"High Risk"
OFF-EN-10001715,"Ames Clasp Envelope, with clear poly window",Envelopes,40,-62.86,39,6,"High Risk"
OFF-AR-10002415,"Stanley Markers, Easy-Erase",Art,40,-21.96,40,3,"High Risk"
OFF-PA-10003320,"Green Bar Parchment Paper, Recycled",Paper,40,-49.86,40,4,"High Risk"
OFF-AR-10004746,"Binney & Smith Highlighters, Easy-Erase",Art,40,11.76,40,4,Moderate
TEC-MA-10004857,"Konica Calculator, White",Machines,40,-63.42,40,2,"High Risk"
OFF-PA-10003699,"SanDisk Parchment Paper, Recycled",Paper,40,-5.28,40,4,"High Risk"
OFF-SU-10002750,"Kleencut Box Cutter, Steel",Supplies,40,-38.34,41,2,"High Risk"
OFF-FA-10002717,"OIC Rubber Bands, Metal",Fasteners,40,-65.62,41,4,"High Risk"
FUR-FU-10004907,"Advantus Light Bulb, Durable",Furnishings,40,-23.41,41,4,"High Risk"
OFF-EN-10001311,"GlobeWeis Business Envelopes, with clear poly window",Envelopes,40,-64.86,42,5,"High Risk"
OFF-ST-10002618,"Tenex Folders, Blue",Storage,40,9.94,42,3,Watch
OFF-PA-10002611,"Green Bar Parchment Paper, Multicolor",Paper,40,-13.73,43,4,"High Risk"
OFF-ST-10002250,"Smead Folders, Industrial",Storage,40,9.88,43,4,Watch
OFF-LA-10002523,"Smead Removable Labels, Laser Printer Compatible",Labels,40,-23.73,43,7,"High Risk"
OFF-SU-10001840,"Stiletto Box Cutter, High Speed",Supplies,40,-26.87,43,2,"High Risk"
OFF-EN-10001823,"Cameo Mailers, Recycled",Envelopes,40,-0.11,44,2,"High Risk"
OFF-EN-10000863,"Ames Business Envelopes, Set of 50",Envelopes,40,3.16,44,4,Watch
OFF-EN-10002491,"GlobeWeis Mailers, Recycled",Envelopes,40,8.27,45,2,Watch
TEC-AC-10004604,"SanDisk Mouse, Bluetooth",Accessories,40,-65.06,46,2,"High Risk"
FUR-FU-10002407,"Deflect-O Light Bulb, Duo Pack",Furnishings,40,-46.43,46,4,"High Risk"
FUR-FU-10001254,"Deflect-O Light Bulb, Black",Furnishings,40,-31.62,46,4,"High Risk"
OFF-AP-10004655,"Holmes Visible Mist Ultrasonic Humidifier with 2.3-Gallon Output per Day, Replacement Filter",Appliances,40,21.68,47,5,Moderate
OFF-BI-10000787,"Acco Hole Reinforcements, Economy",Binders,40,-5.1,48,12,"High Risk"
OFF-EN-10000835,"GlobeWeis Clasp Envelope, with clear poly window",Envelopes,40,-12.08,48,6,"High Risk"
TEC-AC-10003951,"Belkin Mouse, Bluetooth",Accessories,40,-43.32,49,2,"High Risk"
OFF-SU-10004784,"Elite Trimmer, Steel",Supplies,40,-0.07,49,2,"High Risk"
OFF-ST-10001832,"Eldon Box, Blue",Storage,40,-10.19,49,8,"High Risk"
OFF-EN-10004840,"Jiffy Clasp Envelope, Security-Tint",Envelopes,40,-33.97,52,8,"High Risk"
TEC-AC-10001592,"Enermax Flash Drive, Programmable",Accessories,40,-59.61,52,2,"High Risk"
FUR-FU-10003552,"Tenex Door Stop, Duo Pack",Furnishings,40,-39.85,53,2,"High Risk"
OFF-PA-10004640,"Eaton Message Books, Multicolor",Paper,40,-28.35,53,4,"High Risk"
OFF-EN-10004254,"Ames Interoffice Envelope, Recycled",Envelopes,40,-66.29,53,2,"High Risk"
OFF-FA-10003931,"Stockwell Clamps, Bulk Pack",Fasteners,40,-29.9,53,7,"High Risk"
FUR-FU-10001933,"Deflect-O Door Stop, Duo Pack",Furnishings,40,1.61,53,2,Watch
FUR-CH-10002362,"Hon Bag Chairs, Red",Chairs,40,5,54,2,Watch
OFF-FA-10001957,"OIC Push Pins, Bulk Pack",Fasteners,40,-34.93,54,6,"High Risk"
OFF-EN-10000182,"Jiffy Peel and Seal, Security-Tint",Envelopes,40,-1.73,54,4,"High Risk"
OFF-AP-10003774,"Hoover Coffee Grinder, Black",Appliances,40,-14.95,55,2,"High Risk"
OFF-ST-10001776,"Eldon Trays, Wire Frame",Storage,40,-42.02,56,2,"High Risk"
OFF-SU-10004048,"Kleencut Shears, High Speed",Supplies,40,-48.49,56,2,"High Risk"
OFF-EN-10001712,"Kraft Interoffice Envelope, Set of 50",Envelopes,40,-33.6,56,2,"High Risk"
FUR-CH-10001191,"Hon Bag Chairs, Adjustable",Chairs,40,-26.76,57,2,"High Risk"
TEC-AC-10003987,"Logitech Numeric Keypad, Programmable",Accessories,40,-37.01,57,2,"High Risk"
OFF-AR-10004116,"Sanford Sketch Pad, Water Color",Art,40,-30.29,58,2,"High Risk"
OFF-PA-10003232,"Green Bar Cards & Envelopes, Recycled",Paper,40,14.9,58,2,Moderate
OFF-SU-10003046,"Elite Letter Opener, Steel",Supplies,40,1.66,58,4,Watch
OFF-FA-10003668,"Accos Rubber Bands, 12 Pack",Fasteners,40,-41.83,58,6,"High Risk"
OFF-PA-10001849,"SanDisk Cards & Envelopes, Recycled",Paper,40,-51.77,58,2,"High Risk"
OFF-ST-10004972,"Eldon Shelving, Blue",Storage,40,11.63,58,2,Moderate
OFF-BI-10004795,"Avery Binding Machine, Clear",Binders,40,-49.97,58,2,"High Risk"
FUR-FU-10003336,"Eldon Door Stop, Erganomic",Furnishings,40,-26.48,59,2,"High Risk"
OFF-ST-10002424,"Smead Trays, Industrial",Storage,40,-39.84,59,2,"High Risk"
OFF-ENE-10000516,"Enermax Note Cards, Multicolor",Paper,40,-31.61,59,3,"High Risk"
OFF-ST-10004479,"Eldon Shelving, Industrial",Storage,40,-41.49,59,2,"High Risk"
FUR-FU-10004823,"Advantus Clock, Erganomic",Furnishings,40,-41.68,60,3,"High Risk"
OFF-EAT-10004051,"Eaton Memo Slips, Recycled",Paper,40,-25.9,60,7,"High Risk"
OFF-AR-10000751,"Binney & Smith Highlighters, Blue",Art,40,-56.46,60,6,"High Risk"
OFF-EN-10000561,"Ames Business Envelopes, Recycled",Envelopes,40,4.96,61,6,Watch
FUR-FU-10001902,"Deflect-O Stacking Tray, Durable",Furnishings,40,-25.02,61,4,"High Risk"
OFF-EN-10002066,"Kraft Interoffice Envelope, with clear poly window",Envelopes,40,-8.34,61,2,"High Risk"
OFF-BI-10002711,"Acco Binding Machine, Clear",Binders,40,-8.36,61,2,"High Risk"
OFF-AR-10003249,"Sanford Canvas, Easy-Erase",Art,40,-16.74,61,2,"High Risk"
OFF-EN-10002263,"GlobeWeis Interoffice Envelope, with clear poly window",Envelopes,40,-43.14,62,2,"High Risk"
OFF-AP-10002041,"Cuisinart Toaster, White",Appliances,40,-48.29,62,2,"High Risk"
OFF-BI-10003240,"Ibico Binding Machine, Economy",Binders,40,-1.7,62,2,"High Risk"
OFF-GRE-10001814,"Green Bar Computer Printout Paper, 8.5 x 11",Paper,40,-41.08,62,3,"High Risk"
OFF-PA-10000588,"SanDisk Cards & Envelopes, 8.5 x 11",Paper,40,-58.46,63,2,"High Risk"
OFF-AP-10000977,"Cuisinart Toaster, Red",Appliances,40,-50.14,64,2,"High Risk"
FUR-FU-10000813,"Tenex Door Stop, Durable",Furnishings,40,-42.04,65,4,"High Risk"
OFF-BI-10004506,"Wilson Jones data.warehouse D-Ring Binders with DublLock",Binders,40,23.19,66,12,Moderate
FUR-FU-10000018,"Eldon Clock, Erganomic",Furnishings,40,16.71,66,2,Moderate
TEC-AC-10004171,"SanDisk Numeric Keypad, Bluetooth",Accessories,40,11.57,67,2,Moderate
OFF-LA-10004112,"Hon Shipping Labels, Alphabetical",Labels,40,7.97,67,10,Watch
OFF-EN-10002911,"Ames Manila Envelope, with clear poly window",Envelopes,40,1.52,68,4,Watch
FUR-CH-10004448,"Hon Chairmat, Set of Two",Chairs,40,6.66,69,2,Watch
FUR-CH-10000666,"SAFCO Chairmat, Black",Chairs,40,-38.28,69,2,"High Risk"
OFF-BI-10004510,"Avery 3-Hole Punch, Durable",Binders,40,16.7,70,4,Moderate
OFF-AR-10003253,"Boston Pencil Sharpener, Water Color",Art,40,-11.76,70,4,"High Risk"
TEC-AC-10002145,"Belkin Memory Card, Programmable",Accessories,40,-31.58,70,1,"High Risk"
OFF-SU-10002363,"Fiskars Letter Opener, Easy Grip",Supplies,40,1.52,71,4,Watch
OFF-FA-10003587,"Advantus Push Pins, Assorted Sizes",Fasteners,40,1.5,72,10,Watch
OFF-SU-10000272,"Stiletto Letter Opener, Easy Grip",Supplies,40,1.67,72,4,Watch
OFF-BI-10003919,"Ibico 3-Hole Punch, Recycled",Binders,40,11.55,74,4,Moderate
OFF-ST-10001458,"Rogers Folders, Blue",Storage,40,14.89,74,4,Moderate
OFF-ST-10000701,"Rogers Shelving, Single Width",Storage,40,6.58,75,2,Watch
FUR-FU-10001015,"Eldon Stacking Tray, Black",Furnishings,40,4.89,76,4,Watch
OFF-BI-10001097,"Ibico 3-Hole Punch, Durable",Binders,40,-26.65,77,4,"High Risk"
OFF-ENE-10003314,"Enermax Parchment Paper, Recycled",Paper,40,-124.15,78,12,"High Risk"
OFF-ST-10002220,"Fellowes File Cart, Blue",Storage,40,10.03,82,1,Moderate
OFF-AP-10000604,"Hamilton Beach Coffee Grinder, Black",Appliances,40,-63.48,84,5,"High Risk"
OFF-ST-10000884,"Smead Folders, Blue",Storage,40,-13.49,84,8,"High Risk"
OFF-AR-10001244,"BIC Canvas, Easy-Erase",Art,40,-55.31,86,4,"High Risk"
OFF-EAT-10004696,"Eaton Note Cards, 8.5 x 11",Paper,40,-49.52,87,6,"High Risk"
OFF-EN-10003520,"Kraft Mailers, Recycled",Envelopes,40,-45.38,87,4,"High Risk"
OFF-BI-10004410,"C-Line Peel & Stick Add-On Filing Pockets, 8-3/4 x 5-1/8, 10/Pack",Binders,40,17.35,87,21,Moderate
FUR-CH-10001317,"Harbour Creations Rocking Chair, Red",Chairs,40,-23.43,88,1,"High Risk"
FUR-BO-10003181,"Safco Corner Shelving, Metal",Bookcases,40,-66.93,89,1,"High Risk"
FUR-FU-10003901,"Advantus Stacking Tray, Erganomic",Furnishings,40,-33.44,90,9,"High Risk"
OFF-PA-10000036,"Green Bar Note Cards, Multicolor",Paper,40,-15.09,95,7,"High Risk"
FUR-FU-10002030,"Executive Impressions 14" Contract Wall Clock with Quartz Movement",Furnishings,40,-1.83,97,8,"High Risk"
OFF-AR-10000540,"Binney & Smith Markers, Water Color",Art,40,3.2,98,6,Watch
OFF-EN-10002808,"Cameo Business Envelopes, Set of 50",Envelopes,40,-21.84,98,8,"High Risk"
TEC-AC-10000115,"SanDisk Keyboard, USB",Accessories,40,-20.03,98,2,"High Risk"
OFF-ACC-10004748,"Accos Push Pins, 12 Pack",Fasteners,40,-34.44,99,14,"High Risk"
TEC-PH-10003303,"Cisco Office Telephone, Cordless",Phones,40,-26.69,100,2,"High Risk"
OFF-AP-10001018,"Hoover Toaster, Silver",Appliances,40,-18.43,101,2,"High Risk"
TEC-AC-10004334,"Belkin Mouse, Programmable",Accessories,40,-43.58,101,4,"High Risk"
FUR-FU-10004497,"Tenex Door Stop, Erganomic",Furnishings,40,-15.04,102,4,"High Risk"
TEC-AC-10003422,"Enermax Keyboard, Programmable",Accessories,40,-16.69,102,2,"High Risk"
FUR-BO-10003589,"Dania Floating Shelf Set, Traditional",Bookcases,40,6.62,102,1,Watch
TEC-MA-10000379,"Okidata Phone, Wireless",Machines,40,-11.71,104,2,"High Risk"
OFF-ST-10000022,"Eldon Folders, Industrial",Storage,40,-61.66,105,10,"High Risk"
OFF-SU-10003582,"Elite Scissors, High Speed",Supplies,40,-51.87,108,12,"High Risk"
OFF-BI-10000305,"Cardinal 3-Hole Punch, Durable",Binders,40,0,109,6,Watch
OFF-PA-10003808,"SanDisk Note Cards, Premium",Paper,40,-21.76,112,6,"High Risk"
OFF-SU-10001087,"Elite Shears, Easy Grip",Supplies,40,-46.61,117,4,"High Risk"
FUR-FU-10002553,"Electrix Incandescent Magnifying Lamp, Black",Furnishings,40,-14.1,117,5,"High Risk"
OFF-PA-10004174,"Enermax Computer Printout Paper, 8.5 x 11",Paper,40,-28.43,117,6,"High Risk"
OFF-SU-10002135,"Fiskars Shears, Easy Grip",Supplies,40,-31.81,118,4,"High Risk"
FUR-FU-10003339,"Tenex Clock, Black",Furnishings,40,-38.28,121,4,"High Risk"
OFF-EN-10003729,"Kraft Manila Envelope, Recycled",Envelopes,40,-15.11,121,8,"High Risk"
OFF-AR-10002575,"Sanford Canvas, Blue",Art,40,-23.46,121,4,"High Risk"
OFF-BI-10003708,"Acco Four Pocket Poly Ring Binder with Label Holder, Smoke, 1"",Binders,40,6.11,122,28,Watch
FUR-FU-10002804,"Advantus Clock, Duo Pack",Furnishings,40,-41.85,123,4,"High Risk"
FUR-FU-10000790,"Rubbermaid Light Bulb, Black",Furnishings,40,-54.8,124,16,"High Risk"
TEC-AC-10001974,"Logitech Memory Card, Bluetooth",Accessories,40,-43.37,124,2,"High Risk"
FUR-FU-10001541,"Tenex Photo Frame, Black",Furnishings,40,-3.41,124,4,"High Risk"
FUR-FU-10000980,"Advantus Photo Frame, Duo Pack",Furnishings,40,-3.42,127,4,"High Risk"
OFF-EN-10003176,"Cameo Manila Envelope, Set of 50",Envelopes,40,-9.97,130,8,"High Risk"
OFF-BI-10004139,"Fellowes Presentation Covers for Comb Binding Machines",Binders,40,16.41,133,14,Moderate
TEC-AC-10000025,"SanDisk Memory Card, Bluetooth",Accessories,40,-61.64,135,2,"High Risk"
FUR-ELD-10001413,"Eldon Light Bulb, Black",Furnishings,40,-24.15,138,11,"High Risk"
TEC-AC-10002881,"Belkin Numeric Keypad, Bluetooth",Accessories,40,4.96,138,4,Watch
TEC-AC-10002842,"Belkin Memory Card, Bluetooth",Accessories,40,-19.99,138,2,"High Risk"
FUR-CH-10000438,"Novimex Chairmat, Adjustable",Chairs,40,-66.76,141,4,"High Risk"
OFF-BI-10001153,"Ibico Recycled Grain-Textured Covers",Binders,40,2.43,142,8,Watch
TEC-MA-10002368,"Panasonic Receipt Printer, White",Machines,40,-45.05,143,2,"High Risk"
OFF-EN-10000824,"GlobeWeis Manila Envelope, Security-Tint",Envelopes,40,-66.66,143,8,"High Risk"
OFF-BI-10003519,"Acco 3-Hole Punch, Economy",Binders,40,-41.64,145,8,"High Risk"
OFF-EN-10001454,"Cameo Manila Envelope, with clear poly window",Envelopes,40,4.87,147,8,Watch
OFF-SU-10000452,"Fiskars Letter Opener, Steel",Supplies,40,-49.95,148,10,"High Risk"
OFF-AP-10004136,"Kensington 6 Outlet SmartSocket Surge Protector",Appliances,40,-24.92,148,6,"High Risk"
OFF-ACM-10003591,"Acme Trimmer, Steel",Supplies,40,-37.84,149,6,"High Risk"
TEC-AC-10003668,"Enermax Mouse, Programmable",Accessories,40,11.54,151,9,Moderate
OFF-SU-10000596,"Stiletto Trimmer, Steel",Supplies,40,3.32,152,6,Watch
OFF-ST-10003293,"Smead File Cart, Single Width",Storage,40,3.34,154,2,Watch
TEC-AC-10000540,"Memorex Numeric Keypad, USB",Accessories,40,-40.02,155,6,"High Risk"
FUR-CH-10003618,"SAFCO Rocking Chair, Red",Chairs,40,-18.33,162,2,"High Risk"
FUR-FU-10004587,"GE General Use Halogen Bulbs, 100 Watts, 1 Bulb per Pack",Furnishings,40,1.93,163,15,Watch
TEC-PH-10000611,"Samsung Signal Booster, VoIP",Phones,40,-58.37,164,2,"High Risk"
TEC-PH-10003078,"Cisco Speaker Phone, with Caller ID",Phones,40,1.65,166,2,Watch
TEC-PH-10000072,"Cisco Speaker Phone, VoIP",Phones,40,-43.43,166,2,"High Risk"
FUR-FU-10001322,"Deflect-O Clock, Durable",Furnishings,40,-63.55,170,6,"High Risk"
FUR-BO-10004878,"Ikea 3-Shelf Cabinet, Traditional",Bookcases,40,3.33,171,2,Watch
FUR-FU-10003910,"Rubbermaid Stacking Tray, Durable",Furnishings,40,5.76,171,10,Watch
FUR-BO-10001746,"Dania 3-Shelf Cabinet, Pine",Bookcases,40,-10.04,171,2,"High Risk"
OFF-SU-10004249,"Stiletto Shears, High Speed",Supplies,40,-3.35,173,6,"High Risk"
FUR-CH-10001220,"Harbour Creations Chairmat, Set of Two",Chairs,40,-65.12,178,4,"High Risk"
TEC-CO-10002065,"HP Fax Machine, High-Speed",Copiers,40,-54.98,179,1,"High Risk"
FUR-FU-10002930,"Eldon Door Stop, Duo Pack",Furnishings,40,-6.72,181,6,"High Risk"
TEC-PH-10002713,"Samsung Headset, Cordless",Phones,40,-3.34,183,4,"High Risk"
OFF-AR-10000814,"Binney & Smith Canvas, Fluorescent",Art,40,-11.77,189,6,"High Risk"
FUR-FU-10003036,"Eldon Door Stop, Durable",Furnishings,40,-1.71,189,10,"High Risk"
OFF-AR-10001195,"Stanley Canvas, Water Color",Art,40,-10.04,190,6,"High Risk"
TEC-AC-10000218,"SanDisk Numeric Keypad, USB",Accessories,40,-18.36,192,6,"High Risk"
TEC-MA-10001128,"StarTech Card Printer, White",Machines,40,-1.69,194,2,"High Risk"
OFF-FIS-10000063,"Fiskars Box Cutter, Easy Grip",Supplies,40,-32.36,201,13,"High Risk"
TEC-AC-10001075,"Belkin Keyboard, USB",Accessories,40,-5,202,4,"High Risk"
TEC-PH-10003486,"Apple Audio Dock, Cordless",Phones,40,-33.3,204,3,"High Risk"
FUR-FU-10001091,"Eldon Photo Frame, Erganomic",Furnishings,40,-25.09,204,6,"High Risk"
FUR-BO-10000889,"Safco 3-Shelf Cabinet, Mobile",Bookcases,40,-41.62,206,2,"High Risk"
TEC-MA-10002538,"Okidata Phone, Wireless",Machines,40,-11.71,208,4,"High Risk"
TEC-PH-10002590,"Motorola Audio Dock, Cordless",Phones,40,-31.75,211,2,"High Risk"
TEC-MA-10001940,"Okidata Card Printer, Wireless",Machines,40,-60.01,211,2,"High Risk"
TEC-CO-10002040,"Hewlett Fax and Copier, High-Speed",Copiers,40,-3.34,229,2,"High Risk"
TEC-CO-10000243,"Canon Fax and Copier, Digital",Copiers,40,16.68,229,2,Moderate
OFF-GRE-10002109,"Green Bar Note Cards, Multicolor",Paper,40,-30.38,230,15,"High Risk"
TEC-CO-10002538,"Brother Fax and Copier, Color",Copiers,40,-29.96,232,2,"High Risk"
FUR-BO-10000700,"Sauder Floating Shelf Set, Metal",Bookcases,40,-41.64,233,2,"High Risk"
OFF-ST-10002515,"Eldon Lockers, Wire Frame",Storage,40,5,236,2,Watch
FUR-CH-10002228,"Harbour Creations Steel Folding Chair, Set of Two",Chairs,40,-56.76,240,4,"High Risk"
TEC-AC-10001455,"Logitech Memory Card, Erganomic",Accessories,40,-56.65,243,4,"High Risk"
OFF-AR-10001162,"BIC Pencil Sharpener, Blue",Art,40,-36.63,244,14,"High Risk"
